,Global Equities — MSCI World Net TR (NDDUWI Index),Global Bonds — Bloomberg Global Agg TR (LEGATRUU Index),UK Gilts All Stocks — FTSE Actuaries UK Conventional Gilts All Stocks (FTFIBGT Index),UK Gilts Over 15 Years — FTSE Actuaries UK Conventional Gilts Over 15 Years (FTRFBGH Index),Securitised Credit — Bloomberg US Securitized TR (I05582GB Index),FTSE EPRA NAREIT Developed Total Return Index USD (RUGL),Infrastructure Equities — MSCI World Infrastructure Net Total Return USD Index (M1W0OINF),Commodities — Bloomberg Commodity TR (BCOMTR Index),UK CPI YoY — Bloomberg PX_LAST (UKRPCJYR Index),Cash (GBP) — SONIA / short rate proxy (SONIO/N Index),FTSE Actuaries Govt Securities UK Index Linked TR Over 5 Yr,Blackrock ICS Sterling Liquidity Fund,MSCI Emerging Markets Index,"Cash (GBP) - SONIA-based, spliced with Blackrock ICS proxy pre-2014",FTSE Actuaries UK Conventional Gilts up to 5 Years Index,Bloomberg US Treasury 20+ year Index,Global Agg Bonds,Eq Gbl DM Quality Gross,Eq Gbl DM Novum Mgd Vol,Eq EM Net,US HY Corp Bond,US ABS,EM Corp Bond,US Prop REITS,Commod,Hedge Fund Credit Suisse,HF Trend,Eq Gbl DM Value Gross,Eq Gbl DM Min vol Gross
1971-01-31,,,,,,,,,,,,,,,,,,,,,,,,,0.0199540891629376,,,,
1971-02-28,,,,,,,,,,,,,,,,,,,,,,,,,-0.0170952362874052,,,,
1971-03-31,,,,,,,,,,,,,,,,,,,,,,,,,-0.0061643347289871,,,,
1971-04-30,,,,,,,,,,,,,,,,,,,,,,,,,-0.0020369754151131,,,,
1971-05-31,,,,,,,,,,,,,,,,,,,,,,,,,0.023240411839349,,,,
1971-06-30,,,,,,,,,,,,,,,,,,,,,,,,,0.0073560425260996,,,,
1971-07-31,,,,,,,,,,,,,,,,,,,,,,,,,-0.0010837277570366,,,,
1971-08-31,,,,,,,,,,,,,,,,,,,,,,,,,-0.0277436008039503,,,,
1971-09-30,,,,,,,,,,,,,,,,,,,,,,,,,-0.0008243881127954,,,,
1971-10-31,,,,,,,,,,,,,,,,,,,,,,,,,0.0272417560965729,,,,
1971-11-30,,,,,,,,,,,,,,,,,,,,,,,,,0.0055785073733858,,,,
1971-12-31,,,,,,,,,,,,,,,,,,,,,,,,,0.0626238278993941,,,,
1972-01-31,,,,,,,,,,,,,,,,,,,,,,,,0.0122035250000001,0.037605087707436,,,,
1972-02-29,,,,,,,,,,,,,,,,,,,,,,,,0.009496795,0.009755867431595,,,,
1972-03-31,,,,,,,,,,,,,,,,,,,,,,,,0.0025243249999999,0.0192178716626635,,,,
1972-04-30,,,,,,,,,,,,,,,,,,,,,,,,0.002548519,0.0028706494500929,,,,
1972-05-31,,,,,,,,,,,,,,,,,,,,,,,,-0.0150693600000001,0.0025364774021664,,,,
1972-06-30,,,,,,,,,,,,,,,,,,,,,,,,6.901199999997942e-05,-0.011885003297161,,,,
1972-07-31,,,,,,,,,,,,,,,,,,,,,,,,0.0282492489999999,0.0070358021687051,,,,
1972-08-31,,,,,,,,,,,,,,,,,,,,,,,,-0.011336977,0.1072997126987445,,,,
1972-09-30,,,,,,,,,,,,,,,,,,,,,,,,0.02964871,0.0361564208393092,,,,
1972-10-31,,,,,,,,,,,,,,,,,,,,,,,,0.028465023,0.0051327582760991,,,,
1972-11-30,,,,,,,,,,,,,,,,,,,,,,,,0.021222815,0.0509249410311864,,,,
1972-12-31,,,,,,,,,,,,,,,,,,,,,,,,-0.000182322,0.0989221781652043,,,,
1973-01-31,,,,,,,,,,,,,,,,,,,,,,,,0.0034233949999999,0.0418904999445675,,,,
1973-02-28,,,,,,,,,,,,,,,,,,,,,,,,-0.0643673099999999,0.1145920041493317,,,,
1973-03-31,,,,,,,,,,,,,,,,,,,,,,,,0.0158996179999999,-0.0342724492366019,,,,
1973-04-30,,,,,,,,,,,,,,,,,,,,,,,,-0.038794339,0.1138729540280572,,,,
1973-05-31,,,,,,,,,,,,,,,,,,,,,,,,-0.0403412829999999,0.2106601164953387,,,,
1973-06-30,,,,,,,,,,,,,,,,,,,,,,,,0.009169121,-0.0052548138105024,,,,
1973-07-31,,,,,,,,,,,,,,,,,,,,,,,,0.0217262529999999,0.2277915814543997,,,,
1973-08-31,,,,,,,,,,,,,,,,,,,,,,,,-0.0653243219999998,-0.0165323834416628,,,,
1973-09-30,,,,,,,,,,,,,,,,,,,,,,,,0.078462064,0.0135824983286362,,,,
1973-10-31,,,,,,,,,,,,,,,,,,,,,,,,0.0122649889999999,-0.0657640568778476,,,,
1973-11-30,,,,,,,,,,,,,,,,,,,,,,,,-0.1402860799999999,0.0590817957857886,,,,
1973-12-31,,,,,,,,,,,,,,,,,,,,,,,,-0.085368941,0.0843655392503165,,,,
1974-01-31,,,,,,,,,,,,,,,,,,,,,,,,0.0310413899999999,0.1140683047171545,,,,
1974-02-28,,,,,,,,,,,,,,,,,,,,,,,,0.0457184889999999,0.035978951990724,,,,
1974-03-31,,,,,,,,,,,,,,,,,,,,,,,,-0.0367459719999999,-0.0529134109293081,,,,
1974-04-30,,,,,,,,,,,,,,,,,,,,,,,,-0.1223382389999999,0.0081760886930914,,,,
1974-05-31,,,,,,,,,,,,,,,,,,,,,,,,-0.0565623340000001,-0.0725708364374163,,,,
1974-06-30,,,,,,,,,,,,,,,,,,,,,,,,-0.0919031679999999,0.089447727618766,,,,
1974-07-31,,,,,,,,,,,,,,,,,,,,,,,,-0.016009417,0.232449955061448,,,,
1974-08-31,,,,,,,,,,,,,,,,,,,,,,,,-0.1793545359999999,-0.0947905202262169,,,,
1974-09-30,,,,,,,,,,,,,,,,,,,,,,,,0.0337350869999999,0.1064332702075626,,,,
1974-10-31,,,,,,,,,,,,,,,,,,,,,,,,0.0889565779999999,0.0208399995907683,,,,
1974-11-30,,,,,,,,,,,,,,,,,,,,,,,,-0.1047693609999999,-0.0198271856108111,,,,
1974-12-31,,,,,,,,,,,,,,,,,,,,,,,,-0.0909569879999999,-0.0722308075107964,,,,
1975-01-31,,,,,,,,,,,,,,,,,,,,,,,,0.308128221,-0.0880415260181192,,,,
1975-02-28,,,,,,,,,,,,,,,,,,,,,,,,-0.046093374,-0.0679901303870982,,,,
1975-03-31,,,,,,,,,,,,,,,,,,,,,,,,0.089471525,0.0842417232823796,,,,
1975-04-30,,,,,,,,,,,,,,,,,,,,,,,,-0.054172532,-0.055246134445864,,,,
1975-05-31,,,,,,,,,,,,,,,,,,,,,,,,0.0340037559999999,-0.0137503052555326,,,,
1975-06-30,,,,,,,,,,,,,,,,,,,,,,,,0.0638461839999999,0.0099420562738875,,,,
1975-07-31,,,,,,,,,,,,,,,,,,,,,,,,0.002302253,0.1387326365253832,,,,
1975-08-31,,,,,,,,,,,,,,,,,,,,,,,,-0.0144491730000001,0.0388263744932769,,,,
1975-09-30,,,,,,,,,,,,,,,,,,,,,,,,-0.076495474,0.0118258310240076,,,,
1975-10-31,,,,,,,,,,,,,,,,,,,,,,,,-0.013741416,-0.0606770591715632,,,,
1975-11-30,,,,,,,,,,,,,,,,,,,,,,,,0.014091912,-0.0062268907100782,,,,
1975-12-31,,,,,,,,,,,,,,,,,,,,,,,,0.0564352109999999,-0.004213066075754,,,,
1976-01-31,,,,,,,,,,,,,,,,,,,,,,,,0.1457303329999999,-0.0009842693933263,,,,
1976-02-29,,,,,,,,,,,,,,,,,,,,,,,,0.0390984899999999,0.0450856897458914,,,,
1976-03-31,,,,,,,,,,,,,,,,,,,,,,,,-0.0088931039999998,-0.0100411835694039,,,,
1976-04-30,,,,,,,,,,,,,,,,,,,,,,,,0.007282119,0.0532334435328403,,,,
1976-05-31,,,,,,,,,,,,,,,,,,,,,,,,-0.0198979009999999,0.0721307346263993,,,,
1976-06-30,,,,,,,,,,,,,,,,,,,,,,,,0.013815649,0.0527208034939178,,,,
1976-07-31,,,,,,,,,,,,,,,,,,,,,,,,0.0310747319999999,-0.0754629405239336,,,,
1976-08-31,,,,,,,,,,,,,,,,,,,,,,,,0.0295859,0.0057477310780903,,,,
1976-09-30,,,,,,,,,,,,,,,,,,,,,,,,0.0334160439999999,-0.0349354829093345,,,,
1976-10-31,,,,,,,,,,,,,,,,,,,,,,,,0.0125373349999999,0.0235622461628932,,,,
1976-11-30,,,,,,,,,,,,,,,,,,,,,,,,0.0433296359999999,-0.0028356499847522,,,,
1976-12-31,,,,,,,,,,,,,,,,,,,,,,,,0.088449108,0.0468421503818263,,,,
1977-01-31,,,,,,,,,,,,,,,,,,,,,,,,0.0181182109999999,0.0313063841393918,,,,
1977-02-28,,,,,,,,,,,,,,,,,,,,,,,,-0.004562331,0.0333237596116704,,,,
1977-03-31,,,,,,,,,,,,,,,,,,,,,,,,0.003587462,0.0431879812850689,,,,
1977-04-30,,,,,,,,,,,,,,,,,,,,,,,,0.0365420460000001,0.0350307148205623,,,,
1977-05-31,,,,,,,,,,,,,,,,,,,,,,,,-0.0112887880000001,-0.0316294526452629,,,,
1977-06-30,,,,,,,,,,,,,,,,,,,,,,,,0.0510365219999999,-0.0653872858229917,,,,
1977-07-31,,,,,,,,,,,,,,,,,,,,,,,,0.0331586059999999,-0.0829395361787573,,,,
1977-08-31,,,,,,,,,,,,,,,,,,,,,,,,0.0109747399999999,-0.0218673851282914,,,,
1977-09-30,,,,,,,,,,,,,,,,,,,,,,,,-0.0155893599999999,0.0250954789649482,,,,
1977-10-31,,,,,,,,,,,,,,,,,,,,,,,,-0.0111378009999999,0.0313414767216391,,,,
1977-11-30,,,,,,,,,,,,,,,,,,,,,,,,0.0665779959999999,0.039715312064451,,,,
1977-12-31,,,,,,,,,,,,,,,,,,,,,,,,0.0022413509999998,0.0301345860303109,,,,
1978-01-31,,,,,,,,,,,,,,,,,,,,,,,,-0.032119887,0.0040325851968001,,,,
1978-02-28,,,,,,,,,,,,,,,,,,,,,,,,0.011369387,0.006919010871773,,,,
1978-03-31,,,,,,,,,,,,,,,,,,,,,,,,0.038578371,0.1099052199755378,,,,
1978-04-30,,,,,,,,,,,,,,,,,,,,,,,,0.005329262,-0.0054547805388441,,,,
1978-05-31,,,,,,,,,,,,,,,,,,,,,,,,-0.0176521419999999,0.0528378328075305,,,,
1978-06-30,,,,,,,,,,,,,,,,,,,,,,,,-0.0024502779999999,-0.0618994403951149,,,,
1978-07-31,,,,,,,,,,,,,,,,,,,,,,,,0.025978571,0.0022258928422598,,,,
1978-08-31,,,,,,,,,,,,,,,,,,,,,,,,0.042234251,0.0473263619515513,,,,
1978-09-30,,,,,,,,,,,,,,,,,,,,,,,,0.0136252589999998,0.0468035821370234,,,,
1978-10-31,,,,,,,,,,,,,,,,,,,,,,,,-0.1053564719999999,0.0431129060173608,,,,
1978-11-30,,,,,,,,,,,,,,,,,,,,,,,,0.006260404,-0.0182282232130721,,,,
1978-12-31,,,,,,,,,,,,,,,,,,,,,,,,0.006458612,-0.0026047653533332,,,,
1979-01-31,,,,,,,,,,,,,,,,,,,,,,,,0.0764750659999999,0.0292272682798992,,,,
1979-02-28,,,,,,,,,,,,,,,,,,,,,,,,-0.0021548059999999,0.0623323104417905,,,,
1979-03-31,,,,,,,,,,,,,,,,,,,,,,,,0.079528244,-0.0129395841035236,,,,
1979-04-30,,,,,,,,,,,,,,,,,,,,,,,,0.0151186409999999,0.0333619529302143,,,,
1979-05-31,,,,,,,,,,,,,,,,,,,,,,,,-0.0013860590000001,0.0432954100602675,,,,
1979-06-30,,,,,,,,,,,,,,,,,,,,,,,,0.077705152,0.047762730649564,,,,
1979-07-31,,,,,,,,,,,,,,,,,,,,,,,,0.0255417079999999,-0.0490208782357453,,,,
1979-08-31,,,,,,,,,,,,,,,,,,,,,,,,0.100757645,0.0756596205720992,,,,
1979-09-30,,,,,,,,,,,,,,,,,,,,,,,,-0.0279902819999999,0.0650200652186289,,,,
1979-10-31,,,,,,,,,,,,,,,,,,,,,,,,-0.1144298480000001,-0.0129397289251798,,,,
1979-11-30,,,,,,,,,,,,,,,,,,,,,,,,0.0523683210000001,0.0658512899105124,,,,
1979-12-31,,,,,,,,,,,,,,,,,,,,,,,,0.0075700249999999,0.0210260260733723,,,,
1980-01-31,,,,,,,,,,,,,,,,,,,,,,,,0.0688401139999999,0.0506144849490606,,,,
1980-02-29,,,,,,,,,,,,,,,,,,,,,,,,-0.011655912,-0.0165588733497112,,,,
1980-03-31,,,,,,,,,,,,,,,,,,,,,,,,-0.1331316649999999,-0.1166820099361856,,,,
1980-04-30,,,,,,,,,,,,,,,,,,,,,,,,0.0847083699999999,-0.0004822944580499,,,,
1980-05-31,,,,,,,,,,,,,,,,,,,,,,,,0.076576157,0.0446286031398416,,,,
1980-06-30,,,,,,,,,,,,,,,,,,,,,,,,0.0580302589999999,0.0473507935882097,,,,
1980-07-31,,,,,,,,,,,,,,,,,,,,,,,,0.079828765,0.0452242288671982,,,,
1980-08-31,,,,,,,,,,,,,,,,,,,,,,,,0.0215619039999999,0.0124289456459774,,,,
1980-09-30,,,,,,,,,,,,,,,,,,,,,,,,-0.017691141,0.0392333714285597,,,,
1980-10-31,,,,,,,,,,,,,,,,,,,,,,,,0.079388722,0.0349261110913643,,,,
1980-11-30,,,,,,,,,,,,,,,,,,,,,,,,-0.0102604689999999,0.0050757676650347,,,,
1980-12-31,,,,,,,,,,,,,,,,,,,,,,,,-0.0225835199999999,-0.0630397640732102,,,,
1981-01-31,,,,,,,,,,,,,,,,,,,,,,,,0.018724661,-0.0619223960540318,,,,
1981-02-28,,,,,,,,,,,,,,,,,,,,,,,,0.0065567129999999,-0.0145949364615083,,,,
1981-03-31,,,,,,,,,,,,,,,,,,,,,,,,0.060033781,0.0024911390514729,,,,
1981-04-30,,,,,,,,,,,,,,,,,,,,,,,,0.014734661,-0.0226546706686294,,,,
1981-05-31,,,,,,,,,,,,,,,,,,,,,,,,-0.0457536709999999,-0.0155060139056354,,,,
1981-06-30,,,,,,,,,,,,,,,,,,,,,,,,0.0398920199999999,-0.0737168282007115,,,,
1981-07-31,,,,,,,,,,,,,,,,,,,,,,,,0.005778113,0.0644756835136535,,,,
1981-08-31,,,,,,,,,,,,,,,,,,,,,,,,-0.0523703709999999,-0.0412360215683998,,,,
1981-09-30,,,,,,,,,,,,,,,,,,,,,,,,-0.0555388049999999,0.0163830698548919,,,,
1981-10-31,,,,,,,,,,,,,,,,,,,,,,,,0.0516521379999999,0.0165634273462246,,,,
1981-11-30,,,,,,,,,,,,,,,,,,,,,,,,0.0638173339999998,-0.0279900792923333,,,,
1981-12-31,,,,,,,,,,,,,,,,,,,,,,,,-0.0149636389999999,-0.0299562359770739,,,,
1982-01-31,,,,,,,,,,,,,,,,,,,,,,,,-0.008925405,0.0297170221278205,,,,
1982-02-28,,,,,,,,,,,,,,,,,,,,,,,,-0.020504722,-0.0327516229714389,,,,
1982-03-31,,,,,,,,,,,,,,,,,,,,,,,,0.005282484,-0.0021701278926721,,,,
1982-04-30,,,,,,,,,,,,,,,,,,,,,,,,0.0248717039999999,0.0350501085701368,,,,
1982-05-31,,,,,,,,,,,,,,,,,,,,,,,,-0.0098237119999999,-0.0295297243013854,,,,
1982-06-30,,,,,,,,,,,,,,,,,,,,,,,,-0.036760542,-0.025267752197604,,,,
1982-07-31,,,,,,,,,,,,,,,,,,,,,,,,0.0397006929999999,-0.0016832421876486,,,,
1982-08-31,,,,,,,,,,,,,,,,,,,,,,,,0.070614825,0.0113562622042264,,,,
1982-09-30,,,,,,,,,,,,,,,,,,,,,,,,0.0478754699999999,-0.0131406376803829,,,,
1982-10-31,,,,,,,,,,,,,,,,,,,,,,,,0.109712116,0.0048041005991348,,,,
1982-11-30,,,,,,,,,,,,,,,,,,,,,,,,0.047573971,0.0257488611823031,,,,
1982-12-31,,,,,,,,,,,,,,,,,,,,,,,,0.017751083,-0.0079228542926979,,,,
1983-01-31,,,,,,,,,,,,,,,,,,,,,,,,0.022909826,0.0380475848602671,,,,
1983-02-28,,,,,,,,,,,,,,,,,,,,,,,,0.0269955669999999,-0.0390445974790626,,,,
1983-03-31,,,,,,,,,,,,,,,,,,,,,,,,0.083222651,0.0581728384943852,,,,
1983-04-30,,,,,,,,,,,,,,,,,,,,,,,,0.0527986439999998,0.0215827488546736,,,,
1983-05-31,,,,,,,,,,,,,,,,,,,,,,,,0.0006730679999999,0.0243783475206472,,,,
1983-06-30,,,,,,,,,,,,,,,,,,,,,,,,-0.0091250480000001,0.0009361999658037,,,,
1983-07-31,,,,,,,,,,,,,,,,,,,,,,,,-0.013676607,0.0517007406808746,,,,
1983-08-31,,,,,,,,,,,,,,,,,,,,,,,,-0.0077082439999999,0.0511312133225477,,,,
1983-09-30,,,,,,,,,,,,,,,,,,,,,,,,0.0223192350000001,-0.0205032793312171,,,,
1983-10-31,,,,,,,,,,,,,,,,,,,,,,,,0.0251817919999999,-0.0343720396387003,,,,
1983-11-30,,,,,,,,,,,,,,,,,,,,,,,,0.0143372489999999,0.0118893459608483,,,,
1983-12-31,,,,,,,,,,,,,,,,,,,,,,,,0.0151435019999999,0.0269728820813832,,,,
1984-01-31,,,,,,,,,,,,,,,,,,,,,,,,0.0130874629999999,-0.0285643674792989,,,,
1984-02-29,,,,,,,,,,,,,,,,,,,,,,,,-0.0155119559999999,0.0146230386125814,,,,
1984-03-31,,,,,,,,,,,,,,,,,,,,,,,,0.0069632379999999,0.0450259834488311,,,,
1984-04-30,,,,,,,,,,,,,,,,,,,,,,,,0.0126324659999998,-0.0178411118947765,,,,
1984-05-31,,,,,,,,,,,,,,,,,,,,,,,,-0.028230576,0.0331419814805175,,,,
1984-06-30,,,,,,,,,,,,,,,,,,,,,,,,0.0025367039999999,-0.0427386526816802,,,,
1984-07-31,,,,,,,,,,,,,,,,,,,,,,,,-0.0073140319999999,-0.0863588067979979,,,,
1984-08-31,,,,,,,,,,,,,,,,,,,,,,,,0.0487859879999998,0.0416251488293673,,,,
1984-09-30,,,,,,,,,,,,,,,,,,,,,,,,0.052164794,-0.020260343943782,,,,
1984-10-31,,,,,,,,,,,,,,,,,,,,,,,,0.0302684449999999,0.0208404005615776,,,,
1984-11-30,,,,,,,,,,,,,,,,,,,,,,,,0.0127424199999999,-0.0128073790529751,,,,
1984-12-31,,,,,,,,,,,,,,,,,,,,,,,,0.013868317,-0.0335110210342258,,,,
1985-01-31,,,,,,,,,,,,,,,,,,,,,,,,0.0565934429999999,0.022348587100368,,0.0480240174208333,,
1985-02-28,,,,,,,,,,,,,,,,,,,,,,,,0.0164601589999999,-0.0262792389691197,,0.0433575239033666,,
1985-03-31,,,,,,,,,,,,,,,,,,,,,,,,-0.006732222,0.0631979678265212,,-0.0474352931573666,,
1985-04-30,,,,,,,,,,,,,,,,,,,,,,,,0.0009257929999999,-0.0292250737998183,,0.0446464206576,,
1985-05-31,,,,,,,,,,,,,,,,,,,,,,,,0.0272243620000001,-0.0132522519034688,,0.0684976612079666,,
1985-06-30,,,,,,,,,,,,,,,,,,,,,,,,0.0232041689999999,-0.016794033987217,,0.0149862494256666,,
1985-07-31,,,,,,,,,,,,,,,,,,,,,,,,0.0092251629999999,-0.0044576105504816,,-0.026343358881,,
1985-08-31,,,,,,,,,,,,,,,,,,,,,,,,-0.0546720120000001,0.0058039264319287,,0.0565996921834666,,
1985-09-30,,,,,,,,,,,,,,,,,,,,,,,,-0.0311420759999999,0.0341679023925396,,0.0108734488089666,,
1985-10-31,,,,,,,,,,,,,,,,,,,,,,,,0.0314127859999999,0.0466640228490898,,0.01212458076486,,
1985-11-30,,,,,,,,,,,,,,,,,,,,,,,,-0.016081753,0.0025833166436482,,0.0522048203251,,
1985-12-31,,,,,,,,,,,,,,,,,,,,,,,,0.006146801,0.0189382259645048,,0.0263291705809666,,
1986-01-31,,,,,,,,,,,,,,,,,,,,,,,,0.0386442119999999,-0.0629779252781329,,-0.0218645242898,,
1986-02-28,,,,,,,,,,,,,,,,,,,,,,,,0.0378429360000001,-0.0552484070181657,,0.105549189515,,
1986-03-31,,,,,,,,,,,,,,,,,,,,,,,,0.024600715,-0.0086950130909584,,0.0897393274583,,
1986-04-30,,,,,,,,,,,,,,,,,,,,,,,,0.005987666,0.0646371561035225,,0.0108289142747766,,
1986-05-31,,,,,,,,,,,,,,,,,,,,,,,,-0.0057028709999999,-0.0439853387090298,,-0.0384919607423999,,
1986-06-30,,,,,,,,,,,,,,,,,,,,,,,,0.035207068,-0.0233490633268557,,0.0407313466463666,,
1986-07-31,,,,,,,,,,,,,,,,,,,,,,,,0.004514385,-0.0092049322282954,,0.0427313832912666,,
1986-08-31,,,,,,,,,,,,,,,,,,,,,,,,0.0416979639999999,0.0922381173565476,,0.0275058006815,,
1986-09-30,,,,,,,,,,,,,,,,,,,,,0.0082999999999999,,,-0.0239759019999999,0.0053019427596115,,-0.0378905261380333,,
1986-10-31,,,,,,,,,,,,,,,,,,,,,0.0174551224833878,,,0.0369422189999999,0.0065467787384982,,-0.0097814872466333,,
1986-11-30,,,,,,,,,,,,,,,,,,,,,0.0079929817721025,,,-0.005550491,0.0103347730510219,,0.0443637314839333,,
1986-12-31,,,,,,,,,,,,,,,,,,,,,0.0053186345614544,,,-0.0105285219999999,0.0186184390086887,,-7.193317474333345e-05,,
1987-01-31,,,,,,,,,,,,,,,,,,,,,0.0280877260484802,,,0.021376316,0.0383447011410328,,0.0685169693839666,,
1987-02-28,,,,,,,,,,,,,,,,,,,,,0.0167477544910179,,,0.030644984,-0.0257724236246079,,0.0421844659063,,
1987-03-31,,,,,,,,,,,,,,,,,,,,,0.011042606055029,,,0.0018360429999999,0.0290071675610249,,0.0466874739657666,,
1987-04-30,,,,,,,,,,,,,,,,,,,,,-0.0218439974515336,,,-0.027115819,0.0810241634539593,,-0.00476775560985,,
1987-05-31,,,,,,,,,,,,,,,,,,,,,-0.0049316088210663,,,-0.009520477,0.0168174140550437,,0.0202243341261666,,
1987-06-30,,,,,,,,,,,,,,,,,,,,,0.0138395361885168,,,0.0198918599999999,0.0109193501359363,,0.002088037692187,,
1987-07-31,,,,,,,,,,,,,,,,,,,,,0.0045194613539936,,,0.0009873069999999,0.0077675264719253,,0.0434319773673,,
1987-08-31,,,,,,,,,,,,,,,,,,,,,0.0101000826370398,,,-0.0190043469999999,-0.0057020111096323,,0.0135663686731666,,
1987-09-30,,,,,,,,,,,,,,,,,,,,,-0.0230888101081719,,,-0.0205195809999999,0.0129547260467549,,0.0432228056392666,,
1987-10-31,,,,,,,,,,,,,,,,,,,,,-0.0273564715734623,,,-0.14281243,0.0091615201982333,,-0.1024822835506666,,
1987-11-30,,,,,,,,,,,,,,,,,,,,,0.0253515737108964,,,0.0095467719999999,0.0373326801188714,,0.0495386635579,,
1987-12-31,,,,,,,,,,,,,,,,,,,,,0.0133420414256391,,,0.035519617,-0.0159381351229391,,0.0202192116646333,,
1988-01-31,,,,,,,,,,,,,,,,,,,,,0.0290949268023201,,,0.082345423,0.0141908269995652,,0.0010217361418,,
1988-02-29,,,,,,,,,,,,,,,,,,,,,0.0275565894247113,,,0.02410361,-0.0113907678732343,,0.00861245553591,,
1988-03-31,,,,,,,,,,,,,,,,,,,,,-0.001915542011319,,,0.001998517,0.0236206754108361,,0.0450328387231666,,
1988-04-30,,,,,,,,,,,,,,,,,,,,,0.003925673907354,,,0.008231915,0.0246340753212385,,0.0054643457041466,,
1988-05-31,,,,,,,,,,,,,,,,,,,,,0.0039972193256865,,,-0.0114611589999999,0.0571436091592888,,0.0241262275302666,,
1988-06-30,,,,,,,,,,,,,,,,,,,,,0.0205123766660895,,,0.0258989899999999,0.0952811912292504,,-0.0003871424011366,,-0.008024854574299356
1988-07-31,,,,,,,,,,,,,,,,,,,,,0.0110253583241455,,,0.012646909,-0.0382606159275679,,-0.0149188787559999,,0.012094678341529663
1988-08-31,,,,,,,,,,,,,,,,,,,,,0.0022649106618573,,,-0.006356942,-0.0125899099064745,,0.0182719391300333,,-0.04629282135355972
1988-09-30,,,,,,,,,,,,,,,,,,,,,0.0095413458319384,,,-0.003426723,-0.0438802782525411,,0.0256603934929333,,0.026706938211943365
1988-10-31,,,,,,,,,,,,,,,,,,,,,0.0143425634223179,,,-0.0074303839999999,0.0268114084833706,,0.0101209757252333,,0.041928206645440946
1988-11-30,,,,,,,,,,,,,,,,,,,,,0.001961585615039,,,-0.016007462,0.0211611529423961,,0.0061385112237199,,0.030160563780218475
1988-12-31,,,,,,,,,,,,,,,,,,,,,0.004323354270332,,,0.001210106,0.0675375389595407,,0.0096440928137533,,0.006183145134766921
1989-01-31,,,,,,,,,,,,,,,,,,,,,0.0163255360623781,,,0.0045798619999999,-0.0219912220466424,,0.0680935137665666,,0.040410423716414234
1989-02-28,,,,,,,,,,,,,,,,,,,,,0.0059138495964197,,,-0.01653384,0.0226089989962457,,-0.0445861756185666,,-0.008446784955566833
1989-03-31,,,,,,,,,,,,,,,,,,,,,-0.0038929053785652,,,-0.000283515,0.0274954273738771,,0.0651760953719333,,0.012354135798929855
1989-04-30,,,,,,,,,,,,,,,,,,,,,0.0003987876854363,,,0.016737473,-0.0060940270891276,,0.0153107008749933,,0.03502433818904804
1989-05-31,,,,,,,,,,,,,,,,,,,,,0.0188950011958861,,,0.023779124,-0.0247607630380166,,0.0281825393477,,-0.007179658498233099
1989-06-30,,,,,,,,,,,,,,,,,,,,,0.0152582159624412,,,0.0087259850000001,0.033156222308862,,0.0035112580685199,,0.009804547221368143
1989-07-31,,,,,,,,,,,,,,,,,,,,,0.0040077071290944,,,0.0237725580000001,-0.0429319588134294,,0.0465203850486,,0.08434209090021194
1989-08-31,,,,,,,,,,,,,,,,,,,,,0.0046825823290088,,,0.0009705879999999,0.0138408144670134,,0.0380048594997333,,-0.009362110210104357
1989-09-30,,,,,,,,,,,,,,,,,,,,,-0.010544009779951,,,-0.011820177,0.0233792083904539,,0.0165665632950666,,0.035090721897605315
1989-10-31,,,,,,,,,,,,,,,,,,,,,-0.0247876447876447,,,-0.0413105609999999,0.0007538949794811,,-0.0173892583008333,,-0.008753006585423329
1989-11-30,,,,,,,,,,,,,,,,,,,,,0.0015044738300735,,,-0.0135466249999999,0.0252779253666561,,0.0273239563572333,,0.0246247514198068
1989-12-31,,,,,,,,,,,,,,,,,,,,,-0.0041113219481341,,,-0.0113851339999999,0.0315997381436059,,0.0638383363262666,,0.04456066360234723
1990-01-31,,,,,,,,,,,,,,,,,-0.0528,,,,-0.026992696093998,,,-0.022296058,-0.0103219384324402,,-0.0015504784631433,,-0.04011250593578386
1990-02-28,,,,,,,,,,,,,,,,,-0.0155,,,,-0.0150946475195823,,,-0.0342982889999998,0.0221983283885233,,0.0134072253236533,,-0.022099433497474452
1990-03-31,,,,,,,,,,,,,,,,,0.013,,,,0.0188054013751968,,,0.0016572599999999,0.0117252764597303,,0.0536575537669333,,-0.04320789079079124
1990-04-30,,,,,,,,,,,,,,,,,0.0003,,,,0.0062611806797852,,,-0.015335504,0.0232842951554746,,-0.0111099597085333,,-0.03880349342610101
1990-05-31,,,,,,,,,,,,,,,,,0.0127,,,,0.0166464646464645,,,-0.000336388,-0.020539240199424,,-0.0440348296367666,,0.0875693942949991
1990-06-30,,,,,,,,,,,,,,,,,-0.0225,,,,0.0251172402829662,,,0.007631447,-0.0183795349309802,,0.01476985305628,,0.0016237008447914647
1990-07-31,,,,,,,,,,,,,,,,,-0.0344,,,,0.025122121423587,,,-0.0179919319249999,0.0198615151431795,,0.0385403621202666,,0.027923297036240857
1990-08-31,,,,,,,,,,,,,,,,,-0.0252,,,,-0.0456848952424173,,,-0.0610515836899999,0.051492230947999,,0.1143167194763333,,-0.09744601307979883
1990-09-30,,,,,,,,,,,,,,,,,0.0227,,,,-0.0411349766188475,,,-0.0693226853999999,0.0984668922219219,,0.0550313422419,,-0.08561770969695781
1990-10-31,,,,,,,,,,,,,,,,,0.0018,,,,-0.0293436931724251,,,-0.03501966155,-0.0467065363468844,,-0.0349005637317666,,0.09991361231772355
1990-11-30,,,,,,,,,,,,,,,,,0.0175,,,,0.0105594822447414,,,0.0636906059999999,-0.0272173054141219,,-0.0014530679744066,,-0.032884293025166156
1990-12-31,,,,,,,,,,,,,,,,,0.0148,,,,0.0151681132552456,,,0.0003815793779999,-0.0271851981857495,,0.0122502483681466,,0.004456560728890224
1991-01-31,,,,,,,,,,,,,,,,,0.0063,,,,0.0205030297999502,,,0.08762172877,-0.0543233417708768,,0.0002663396619633,,0.02169255031026074
1991-02-28,,,,,,,,,,,,,,,,,0.034,,,,0.0867089637221407,,,0.0491999999999999,0.0054811869252532,,-0.0180340690667333,,0.08904398790898749
1991-03-31,,,,,,,,,,,,,,,,,0.0644,,,,0.0495508982035928,,,0.0762212126999999,0.0170424557846995,,-0.0181175001139,,-0.021303583120434344
1991-04-30,,,,,,,,,,,,,,,,,0.0295,,,,0.0345171872771359,,,0.023765786,-0.0022153760411076,,0.0341571587003666,,0.00858414137598107
1991-05-31,,,,,,,,,,,,,,,,,0.0168,,,,0.0038604715290224,,,0.0235891927,0.0012172418983562,,-0.0046228071512166,,0.006279263344084907
1991-06-30,,,,,,,,,,,,,,,,,0.0417,,,,0.0227303941766241,,,-0.0259062799999999,-0.0343529720720516,,0.0116001547642833,,-0.029434877240509305
1991-07-31,,,,,,,,,,,,,,,,,-0.0219,,,,0.0268582555563017,,,0.019281898,0.0523057858992004,,-0.0222749909894666,,0.038815661562800585
1991-08-31,,,,,,,,,,,,,,,,,0.0232,,,,0.0230170666317921,,,0.0006084449999999,0.001916075180463,,0.0373287849464333,,-0.015606051671490873
1991-09-30,,,,,,,,,,,,,,,,,-0.0076,,,,0.0141259188239053,,,0.01929917552,0.0240710229532565,,0.0282139055083333,,0.02880553399626007
1991-10-31,,,,,,,,,,,,,,,,,0.0192999999999999,,,,0.0339089877725955,,,-0.0061673899999999,0.0092820443663332,,0.0087947857239633,,0.015584257773142207
1991-11-30,,,,,,,,,,,,,,,,,-0.0013,,,,0.0107900512070227,,,0.0002268,-0.0295112827382036,,0.002183086921349,,-0.026011416606426252
1991-12-31,,,,,,,,,,,,,,,,,-0.0103,,,,0.0111573487726917,,,0.047312398,-0.0427456347500189,,0.0768251616748,,0.061658157062971064
1992-01-31,,,,,,,,,,,,,,,,,0.03,,,,0.0337587975665036,,,0.0495098,0.0202691233821426,,-0.0140016462137,,-0.029450831310401604
1992-02-29,,,,,,,,,,,,,,,,,0.0147,,,,0.0252711747057465,,,-0.0232155299999999,-0.012315238884953,,-0.0002952562381066,,-0.014311616701025764
1992-03-31,,,,,,,,,,,,,,,,,-0.0009,,,,0.0140686550365785,,,-0.0148721795,0.0071828352710903,,-0.0166323273250666,,-0.04624692577510792
1992-04-30,,,,,,,,,,,,,,,,,-0.0121,,,,0.0052164261931186,,,0.0022329999999999,8.49475796327366e-05,,0.021215291903,,0.022399239091665635
1992-05-31,,,,,,,,,,,,,,,,,-0.0012,,,,0.0147399801258696,,,0.0322,0.0256495846648636,,0.0139741344751666,,0.03482413501717163
1992-06-30,,,,,,,,,,,,,,,,,-0.0158,,,,0.0115336488765573,,,-0.01211474,-0.0020280810123813,,0.0263866699053,,-0.002477219321311841
1992-07-31,,,,,,,,,,,,,,,,,0.0051,,,,0.0194696928951756,,,0.0338339999999999,-0.0141412578053444,,0.0546066476577333,,0.011620775202337175
1992-08-31,,,,,,,,,,,,,,,,,-0.0081999999999999,,,,0.0127143233975204,,,-0.008649259,-0.0098347750508918,,0.0515088850782,,0.006889400864639628
1992-09-30,,,,,,,,,,,,,,,,,0.1263,,,,0.0106272140029173,,,0.023857,0.0159633990309217,,0.0343289685434333,,-0.015306611482907906
1992-10-31,,,,,,,,,,,,,,,,,0.1142,,,,-0.0128865979381442,,,-0.0032704,-0.0173721311211333,,-0.00573492736132,,-0.013844829092361177
1992-11-30,,,,,,,,,,,,,,,,,0.0223,,,,0.0153002610966057,,,0.0194542699999999,0.0104857843732465,,0.0170720600791666,,0.0035990159652550258
1992-12-31,,,,,,,,,,,,,,,,,0.0138,,,,0.0127038008537776,,,0.019338,-0.0053051540178854,,0.0215731913809666,,0.018513101152497935
1993-01-31,,,,,,,,,,,,,,,,,0.0322,,,,0.0238699847638395,,,0.0636776000000001,-0.0057624372722737,,0.0251887594366,,0.006697683171111635
1993-02-28,,,,,,,,,,,,,,,,,0.071,,,,0.0178571428571427,,,0.047126,0.0116468611445063,,0.0551689199995333,,0.03422484357168143
1993-03-31,,,,,,,,,,,,,,,,,-0.0435,,,,0.0170077972709552,,,0.0694425999999999,0.024381040832492,,-0.0042534616053233,,0.04781552993999871
1993-04-30,,,,,,,,,,,,,,,,,-0.0249,,,,0.0068522689156165,,,-0.044076,0.0171492683771303,,-0.0102289876186,,0.040588111131033555
1993-05-31,,,,,,,,,,,,,,,,,0.0149,,,,0.0129925756710451,,,-0.012213,-0.0216176211804629,,0.0286965828077333,,0.008735386494503672
1993-06-30,,,,,,,,,,,,,,,,,0.051,,,,0.0186516326051209,,,0.0293464000000001,-0.0080141939051344,,0.0151880254009333,,-0.0018357352130339288
1993-07-31,,,,,,,,,,,,,,,,,0.0141999999999999,,,,0.0100544230237062,,,0.0168919999999999,0.0256529076729805,,0.0328306608585333,,0.03434090928783706
1993-08-31,,,,,,,,,,,,,,,,,0.0204999999999999,,,,0.0091324200913243,,,0.0239863,-0.009194966954939,,0.0691624530837,,0.03571391173409233
1993-09-30,,,,,,,,,,,,,,,,,0.0012,,,,0.0044343891402713,,,0.0456186999999999,-0.0099156250946213,,-0.0210312425421333,,-0.011580411774935184
1993-10-31,,,,,,,,,,,,,,,,,0.006,,,,0.0190557707901612,,,-0.0125950999999999,-0.0086768876404219,,0.0456489163518,,0.03101173245501876
1993-11-30,,,,,,,,,,,,,,,,,-0.0027,,,,0.0052163918482823,,,-0.0473038,-0.0030607195097277,,0.0093578941617866,,-0.05366745109866777
1993-12-31,,,,,,,,,,,,,,,,,0.0098999999999999,,,,0.0105105765425042,,,-0.0002659999999998,0.0153108138917335,,0.0627721736490333,,0.04580155872911362
1994-01-31,,,,,,,,,,,,,,,,,-0.0016,,,,0.0215858647401863,,,0.0299040399999999,0.0259453810526298,0.0128,0.0121445890039333,,0.04552590266875978
1994-02-28,,,,,,,,,,,,,,,,,-0.0005,,,,-0.006943852773281,,,0.0344283,-0.0033535689790262,-0.04,-0.0466400648171333,,-0.017396707051879456
1994-03-31,,,,,,,,,,,,,,,,,-0.0081999999999999,,,,-0.0323023465316802,,,-0.040257,-0.0025179185605348,-0.0346,-0.0633480895711666,,-0.03737856309254761
1994-04-30,,,,,,,,,,,,,,,,,-0.0223,,,,-0.0124567780831633,,,0.0162169,0.0126021977963049,-0.0162,-0.0012757076725266,,0.017487982840449057
1994-05-31,,,,,,,,,,,,,,,,,-0.0063,,,,-0.0021546886923733,,,0.0203335099999999,0.0448332128857583,0.0231,0.0061974367293266,,0.0004801954255906349
1994-06-30,,,,,,,,,,,,,,,,,-0.0096,,,,0.0045436141976697,,,-0.0217083819999999,0.0117348519517192,-0.0076,-0.0108580875647666,,-0.0030211901537481323
1994-07-31,,,,,,,,,,,,,,,,,0.0169,0.0339235488546076,,,0.0065830721003135,,,-0.00252969,0.005691065893936,0.0036,-0.0177279025679333,,0.019368641418449295
1994-08-31,,,,,,,,,,,,,,,,,-0.0019,0.0586178812239943,,,0.0073853272233839,,,0.0055384650000001,-0.0170454920970889,0.0283,0.021830697001,,0.018963392050542982
1994-09-30,,,,,,,,,,,,,,,,,-0.0259,-0.0203222885733576,,,-0.0001766550368768,,,-0.0203119999999999,-0.0004461092897436,0.0063,0.0298093553527666,,-0.012737126328907555
1994-10-31,,,,,,,,,,,,,,,,,-0.0212,0.0356593371369959,,,0.0026061221785413,,,-0.0370994599999999,0.0122158452443826,-0.013,0.0188289197723999,,0.015400708674148333
1994-11-30,,,,,,,,,,,,,,,,,0.0317,-0.0256108695315764,,,-0.0085910652920961,,,-0.0324908999999999,-0.00748742690862,0.0044,0.0249486478216333,,-0.03109011067434808
1994-12-31,,,,,,,,,,,,,,,,,0.0036,0.010010693601838,,,0.0105319290761232,,,0.061726031,0.0338992099235249,-0.0027,0.0214248111452666,,0.016358679188124947
1995-01-31,,,,,,,,,,,,,,,,,0.0059,0.0075318807688073,,,0.014028144239226,,,-0.0148407999999999,-0.0131838196445013,-0.0197,0.0110637041462166,,-0.013993356905603882
1995-02-28,,,,,,,,,,,,,,,,,0.0304,0.0392246626366881,,,0.0320482241207336,,,0.03245976,-0.0094057496965414,0.0043,-0.0215850965264,,0.016410738700576077
1995-03-31,,,,,,,,,,,,,,,,,0.0129,0.0423895958271178,,,0.0135305487856123,,,-0.0059691300000001,0.0154950980582384,0.0341,0.0449912413827333,,0.04866670036039333
1995-04-30,,,,,,,,,,,,,,,,,0.0312,0.0259995966076624,,,0.0258706467661691,,,0.00226784,0.0230287720142067,0.0144999999999999,-0.0073351072173333,,0.02941754375558414
1995-05-31,,,,,,,,,,,,,,,,,0.0432,0.040599490751142,,,0.0308357581635951,,,0.045019313,0.0003420352482969,0.0105,0.0139890625726999,,0.020675473220202134
1995-06-30,,,,,,,,,,,,,,,,,0.0037,0.0343330844450842,,,0.0067432469518171,,,0.0177421589999999,0.0037137270083312,0.0036,0.0132402050001333,,0.0031808703199924793
1995-07-31,,,,,,,,,,,,,,,,,-0.0045,0.0359374660259614,,,0.0130067370224695,,,0.0156228759999998,0.0210931606907515,0.0278,-0.0115992133666666,,0.03159353462450909
1995-08-31,,,,,,,,,,,,,,,,,0.0163,-0.0115020212493545,,,0.0052665974704955,,,0.0148818100000001,0.0141959168466041,0.0624,-0.0128187358003666,,-0.012025353140332262
1995-09-30,,,,,,,,,,,,,,,,,-0.0054,0.041523872617091,,,0.0118546845124283,,,0.018298919,0.0062471351890703,0.0040999999999999,0.0477807045597333,,0.026139697001069884
1995-10-31,,,,,,,,,,,,,,,,,0.0111,0.0118732594788324,,,0.008201058201058,,,-0.0183985599999999,0.0170560383960122,-0.0006,0.0203293759897333,,-0.004055901488004499
1995-11-30,,,,,,,,,,,,,,,,,0.0457,0.022150228271863,,,0.0099336507103497,,,0.010031093,0.0101123039294173,0.0329,0.0355602295791666,,0.022945344830205938
1995-12-31,,,,,,,,,,,,,,,,,-0.0026,0.0072930546466614,,,0.0167396629797342,,,0.0548709,0.0420632303275922,0.0306999999999999,0.0182459607087666,,0.04068054540022814
1996-01-31,,,,,,,,,,,,,,,,,0.0216,0.0299942077991202,,,0.016719599897784,,,0.0191509,0.0120148403535558,0.0719,-0.0245915036043666,,0.024189788014223224
1996-02-29,,,,,,,,,,,,,,,,,-0.0207,0.0197659396610685,,,0.0030519550464975,,,0.0077062999999999,0.0224672842668184,-0.035,-0.0204255597986333,,-0.004116042033801781
1996-03-31,,,,,,,,,,,,,,,,,-0.0008,0.004016662816433,,,-0.0040807560137456,,,-0.0014357299999999,0.0405313682848149,0.0111,0.0274643079509666,,0.007110780770881453
1996-04-30,,,,,,,,,,,,,,,,,0.0163,0.0189786981370148,,,0.0014017683847313,,,0.003247097,0.0382686867654159,0.0318,0.0436708157244666,,0.02009785681531495
1996-05-31,,,,,,,,,,,,,,,,,-0.0334,0.0295985781610785,,,0.0071784932342702,,,0.027141555,-0.0096879923507532,0.019,0.0049162456816933,,0.003945826989032675
1996-06-30,,,,,,,,,,,,,,,,,0.0070999999999999,0.0109656492194931,,,0.0044902177399237,,,0.013777375,-0.0043500865574092,0.0176,0.0203353618300333,,0.008448602075968203
1996-07-31,,,,,,,,,,,,,,,,,0.0129,-0.0284568633419756,,,0.0060666264590059,,,0.008612751,-0.0138510942402105,-0.0412999999999999,-0.0424609158773333,,-0.027511963510731707
1996-08-31,,,,,,,,,,,,,,,,,-0.0027,0.0273059913277726,,,0.0124479864588475,,,0.0406874999999999,0.0406445239390947,0.0247,0.0452667201134,,0.013351145108577045
1996-09-30,,,,,,,,,,,,,,,,,0.0092,0.051106047326906,,,0.0232663439099996,,,0.0173874,-0.0062080653007298,0.0250999999999999,0.0882375983494,,0.020746642475397703
1996-10-31,,,,,,,,,,,,,,,,,-0.0217,0.0159057859839641,,,0.0086796691514345,,,0.032086969,-0.0152492838169677,0.0324,0.0245929125485,,0.010706424895261746
1996-11-30,,,,,,,,,,,,,,,,,-0.0154,0.075926552132818,,,0.0200782884524535,,,0.0454969,0.0345330250049372,0.0491,0.0786394476331,,0.05380908758056124
1996-12-31,,,,,,,,,,,,,,,,,-0.0260999999999999,-0.0034449719886244,,,0.0083032849250719,,,0.0996429999999999,0.0088944865314274,0.0033,0.0327798064657666,,-0.003023727962157885
1997-01-31,,,,,,,,,,,,,,,,,0.0489,0.0534790795939923,,,0.0075131233595799,,,0.011135668,0.0178441107787616,0.059,0.0416392473924,,0.0011420605795955385
1997-02-28,,,,,,,,,,,,,,,,,-0.021,0.0059030230104546,,,0.0154026506887232,,,0.00085836,0.0214115762095494,0.0131,-0.0135094662983666,,0.009370709925990761
1997-03-31,,,,,,,,,,,,,,,,,-0.0105,-0.0320897333656946,,,-0.0137579372715028,,,-0.0092517199999998,0.0235974348682052,-0.0138,0.023161853183,,-0.021653229771598226
1997-04-30,,,,,,,,,,,,,,,,,0.005,0.0580949651627231,,,0.012811758202452,,,-0.0227935999999999,0.0127549072522299,0.0289,0.0321877128653333,,0.010999698463864505
1997-05-31,,,,,,,,,,,,,,,,,0.0166,0.0516297217919745,,,0.021061418435162,,,0.032,0.0090965644596098,0.0089,0.0112398894567433,,0.05975330216354191
1997-06-30,,,,,,,,,,,,,,,,,-0.0040999999999999,0.0476247964437004,,,0.015438795082225,,,0.0479987699999999,-0.0399856635508631,0.0226,0.0365509865349,,0.03615229920747964
1997-07-31,,,,,,,,,,,,,,,,,0.0184,0.0587709571599415,,,0.0265064717904255,,,0.0299259999999998,0.0402541868240397,0.0715,0.0771229596953333,,0.0317169246621023
1997-08-31,,,,,,,,,,,,,,,,,0.006,-0.0640054758869898,,,-0.001206636500754,,,-0.0020035539999999,0.006472622948434,-0.012,-0.0525154469295,,-0.05804521054706768
1997-09-30,,,,,,,,,,,,,,,,,0.0235,0.0557772115787136,,,0.0180006040471156,,,0.07987768,-0.0014812482070103,0.0409999999999999,0.0421144365087,,0.059970056305168384
1997-10-31,,,,,,,,,,,,,,,,,-0.0202,-0.036079408474904,,,0.0051029490298462,,,-0.0254828000000001,0.0033884282739936,-0.0148,-0.00125770610952,,-0.03647066105471641
1997-11-30,,,,,,,,,,,,,,,,,-0.0147,0.0403930629967246,,,0.0093571049058387,,,0.0169545626,-0.0322467153167109,0.0109,0.0195610438794999,,0.02284094719652985
1997-12-31,,,,,,,,,,,,,,,,,0.025,0.0147313649209983,,,0.0096212896622314,,,0.0196854777852999,-0.0404845386502369,0.0342,0.0523242946789,-0.010450313509405396,0.03351014989002876
1998-01-31,,,,,,,,,,,,,,,,,0.0186,0.0361855238663313,,,0.0159309465878809,,,-0.00467916132,-0.0056914089885731,-0.011,0.0323927482613666,0.0024522712310730554,0.016187507216256947
1998-02-28,,,,,,,,,,,,,,,,,-0.001,0.0760226452408088,,,0.0040485829959515,,,-0.0169682584199999,-0.0382477674890158,0.0206,0.0301002098538,0.12673003989558174,0.05106361094300538
1998-03-31,,,,,,,,,,,,,,,,,-0.0243999999999999,0.0461633708752271,,,0.0095127214902315,,,0.016492889892,-0.0042167012547439,0.0596,0.0511871236784333,0.0353062889782596,0.053127585174935765
1998-04-30,,,,,,,,,,,,,,,,,0.0139999999999999,0.0122460930653585,,,0.00430367640854,,,-0.0321464104722,-0.0215877369584765,0.0108,0.0051098469774666,-0.025896890965644292,-0.003168024134033831
1998-05-31,,,,,,,,,,,,,,,,,0.0283,-0.0113381271516164,,,0.0059937261931435,,,-0.008480302700267,-0.0404117742682828,0.0038,0.0505595765989,-0.03155086137560026,-0.002712001092604832
1998-06-30,,,,,,,,,,,,,,,,,-0.0191,0.0570172908287731,,,0.0051784620524528,,,-0.0062326837999999,-0.0179055331965506,0.0168,0.0323461573689666,-0.034274574551675374,0.0014672892320535258
1998-07-31,,,,,,,,,,,,,,,,,0.0259,0.0061849802248268,,,0.0063704852647905,,,-0.06555776753566,-0.0576609546678794,0.0105,0.0468058109002,-0.03971368247592555,-0.007549266670573762
1998-08-31,,,,,,,,,,,,,,,,,-0.0025,-0.114341618396327,,,-0.0504761380525127,,,-0.103468739767626,-0.0557838329879831,-0.0719,0.0654920923496666,-0.13887429080105973,-0.08891933801224328
1998-09-30,,,,,,,,,,,,,,,,,0.032,0.0578452560109192,,,0.0026086956521738,,,0.0634733831384188,0.0525507684279169,-0.0215,0.0097324645683333,0.007398135520391591,0.030810963277700942
1998-10-31,,,,,,,,,,,,,,,,,0.0277,0.0679572302646949,,,-0.0213645562301242,,,-0.027232853129991,-0.0146753402008338,-0.045,-0.0096152786327666,0.186284145911763,0.07418012028201648
1998-11-30,,,,,,,,,,,,,,,,,0.0084,0.0719469173904794,,,0.0518743907122389,,,0.0182031613237039,-0.051949984325291,0.0153,0.0342066212305,0.049514340503585164,0.02821938121800871
1998-12-31,,,,,,,,,,,,,,,,,0.0074,0.0675984444681263,,,-0.0017973993877608,,,-0.0301242481420198,-0.0383368505771804,0.031,0.0406335093323333,0.02445805983932936,0.048356710997253805
1999-01-31,,,,,,,,,,,,,,,,,0.0072,0.0374850692482344,,-0.0150747403090955,0.0135047688715077,,-0.0195,-0.0198826665857874,-0.001461327175621,0.0088,-0.00096224850998,0.014694763778764441,-0.011033522923823202
1999-02-28,,,,,,,,,,,,,,,,,-0.005,-0.0363573802465028,,0.0096346097632271,-0.0068012103378398,,0.0240693523712391,-0.0268510017721196,-0.02735094902407,-0.0129,-0.0238129676139,-0.03896085286868811,-0.03226390306796878
1999-03-31,,,,,,,,,,,,,,,,,-0.0063,0.034312423107579,,0.1321381834184529,0.0116272569735591,,0.0497958370680211,-0.0050204327702715,0.0821694423315046,0.0124,-0.0363943335606,0.06894889342816124,0.018541128606883284
1999-04-30,,,,,,,,,,,,,,,,,0.0016,0.0113432777213313,,0.1236510193434874,0.018290324363154,,0.0502798595958637,0.0970986133974016,0.0188630009203502,0.0264,-0.00607887774631,0.09495071601264637,0.04204904638898732
1999-05-31,,,,,,,,,,,,,,,,,-0.0104,-0.0261157810952998,,-0.005789871366537,-0.0091708270023876,,-0.0193297805076325,0.0220049775764374,-0.0458555401708515,0.0014,0.0040085962210466,-0.02431401856459814,-0.013796257705699033
1999-06-30,,,,,,,,,,,,,,,,,0.0013,0.0497882851680013,,0.1132303522538937,-0.002491921791993,,0.0128949065119279,-0.0137629936563339,0.0405557339545271,0.0334,-0.0229975312174666,0.054091811155212,0.007159255284869603
1999-07-31,,,,,,,,,,,,,,,,,-0.012,-0.0180422526073603,,-0.0278177615831942,0.0013451560655557,,-0.0001818677821223,-0.0367012971024355,0.0081466451427894,0.0022,0.0070728889342333,0.0201977663549473,0.013265890912715239
1999-08-31,,,,,,,,,,,,,,,,,0.0118,0.0067858173034311,,0.0094251025847118,-0.0105548854041012,,0.001364256480218,-0.0218273109773499,0.0539259382332319,-0.0093999999999999,0.0003786589631599,0.004083416633953396,-0.013027291013982478
1999-09-30,,,,,,,,,,,,,,,,,-0.0116,-0.0271043744097827,,-0.0341801540537596,-0.0040176221218587,,0.0163487738419618,-0.0372166618775229,0.0289619848273982,-0.0036,0.00611621382254,-0.015481286224436341,-0.0038927995168382967
1999-10-31,,,,,,,,,,,,,,,,,0.0022,0.0527543613737917,,0.021131466358879,-0.0054248038724753,,0.0151027703306523,-0.0258015024683081,-0.0230221121451527,0.0235,0.0211359257113666,0.03998526190817353,0.03180638028584726
1999-11-30,,,,,,,,,,,,,,,,,0.019,0.0364399548680891,,0.0897285537028538,0.0130346004307573,,-8.80359186548052e-05,-0.0210181319842865,0.0153852683996057,0.0508,0.0620905487744,0.04576982427410714,0.001346876439358935
1999-12-31,0.067708,-0.003421,-0.008532,-0.0263669999999999,-0.014399,0.035982,0.058887,0.017401,0.011,-0.5000082,0.008428,0.004882,0.113686,0.004882,0.000261,-0.017676,-0.0152,0.0737553149784384,,0.127487833790866,0.0060468840599718,,0.0098608910019371,0.0300175087019942,0.0159652382586055,0.0831,0.0693951360786333,0.08834633872746656,0.04600528342229415
2000-01-31,-0.056272,-0.017073,-0.008643,-0.014475,-0.0139809999999999,-0.040782,-0.024569,0.05428,0.008,1.1713835,-0.032489,0.004167,0.007084,0.004167,-0.001739,0.017391,-0.0227,-0.0583638518485233,,0.0055681983246986,-0.003842353716105,-0.0051,0.0059285091543155,0.003396804723182,0.0351523258140882,-0.0017,0.0062703733787266,-0.06717416793196129,-0.049886499557477815
2000-02-29,0.024085,-0.001896,0.017969,0.023151,0.038314,-0.018975,0.056582,0.039311,0.009,-0.0909325,0.012724,0.004527,0.034937,0.004527,-0.000784,0.035481,0.0248,0.0102390045528226,,0.013523552718468,0.0021489971346706,0.0317,0.0243543075056336,-0.0130508917087673,0.003847948123931,0.0663,0.0220162993603666,-0.02092641273678475,-0.031109261940628685
2000-03-31,0.061005,0.020011,0.011709,0.011753,0.00046,0.051883,0.025766,0.002144,0.006,-0.0478577,0.012718,0.005229,-0.002115,0.005229,0.005056,0.037442,0.0093999999999999,0.0728227929009108,,0.0054091840751449,-0.0146808159674494,-0.002,0.01480666723073,0.0324182394973722,0.0206054203051365,-0.0210999999999999,-0.0318468789206666,0.0406493904863614,0.0651796785667953
2000-04-30,-0.020243,-0.024434,0.010394,0.0135719999999999,0.020167,0.023208,-0.064897,0.0105729999999999,0.006,0.0228406,0.003756,0.0046229999999999,-0.073467,0.0046229999999999,0.00399,-0.009939,-0.0054,-0.0306258358880089,,-0.0947015978236656,2.790178571432378e-05,0.0217,-0.0058362514590628,0.0658640119427702,-0.0085870584853703,-0.0478,0.0207970394053,-0.0010917149750543365,-0.014138415798771065
2000-05-31,0.012025,0.00463,0.0008719999999999,0.003407,0.0472039999999999,0.004483,-0.007367,0.108328,0.005,0.0219372,0.001587,0.0048249999999999,-0.004968,0.0048249999999999,-0.0109719999999999,-0.005019,0.0516999999999999,-0.0330639277572908,,-0.0419879203638804,-0.0125833542590888,0.0503,-0.0139215028513921,0.0104669160312773,0.0429787626232216,-0.0125,0.01260792566468,-0.01473240144701049,-0.007712153656976195
2000-06-30,0.021685,0.025354,0.008306,-0.003128,0.00847,0.058749,-0.028756,0.011849,0.008,-0.1200642,0.019888,0.005135,0.02213,0.005135,0.004979,0.021707,0.0124,0.0574601450339098,,0.0335619050584141,0.0192992370726194,-0.0005,0.0219425072291206,0.0265316942345281,0.0085446073992,0.0355,0.0143613743762333,0.02597863584430571,0.019540739067870128
2000-07-31,-0.017053,-0.009985,0.000814,-0.003497,0.017438,0.057476,-0.030807,-0.039133,0.009,0.1115189,-0.019981,0.004667,-0.0406379999999999,0.004667,0.001217,0.0197999999999999,0.0007,-0.0328653748179738,,-0.0517429645081367,0.0053779835333906,0.0177,0.0147303595206391,0.0849757080995017,-0.0223391560395662,0.0003,0.0029293985803489,-0.01962310661347344,-0.01308702278514573
2000-08-31,0.06922,-0.004417,-0.001797,-0.009686,0.044911,0.063329,0.003229,0.137521,0.006,-0.0258481,-0.009061,0.004966,0.040033,0.004966,-0.003125,0.024403,0.0248,0.0236605194864847,,0.0042407878017789,0.0098160862492073,0.0387,0.0160747970146803,-0.0396586056352109,0.0637036722684695,0.0344,0.0579244987095,0.04629568362778169,0.026306273469759667
2000-09-30,-0.073209,0.002848,0.008789,0.004382,-0.0055569999999999,-0.019641,-0.0530949999999999,-0.02712,0.01,0.085344,0.001029,0.004996,-0.1065039999999999,0.004996,0.00627,-0.017138,-0.0131,-0.0645005692876332,,-0.0874310025780125,-0.0086557627720285,-0.0074,-0.000161433529744,0.0321574537252178,-0.0014678831531564,-0.0048,-0.0103848250450666,-0.03523897859662428,0.008163620067832555
2000-10-31,0.00259,-0.008133,0.0086629999999999,0.014119,0.025448,-0.032276,0.029939,-0.004854,0.01,-0.0312267,0.004339,0.004808,-0.054226,0.004808,-0.00199,0.0166599999999999,0.0098999999999999,0.0109147266372089,,-0.0725835803046845,-0.0318404671404175,0.0239,-0.0114636312262856,-0.0428750384662743,-0.0212200626840836,-0.0118999999999999,0.0307715739193333,0.002490913990633503,0.00012514762784987532
2000-11-30,-0.043213,0.017191,0.021959,0.035923,0.03985,0.034327,-0.07947,0.100694,0.011,0.0530931,0.020124,0.004821,-0.0704,0.004821,-0.009192,0.033873,0.042,-0.0510739057074315,,-0.0875520920932144,-0.0383499288762446,0.0356,0.0066149448754593,0.0119054273668353,0.0357056561475528,-0.0165,0.0435135659468,-0.02457843229851553,-0.011311929896437256
2000-12-31,-0.032252,0.028797,0.0056479999999999,0.002675,-0.035166,0.036287,-0.044993,-0.017059,0.008,-0.3087146,-0.00182,0.005058,-0.0247,0.005058,0.007877,0.0233829999999999,-0.0237,-0.0009593645069505,,0.0240445664195305,0.0227501331282171,-0.0385,0.0206879766347558,0.0692330625383599,-0.0031003992858745,0.0243999999999999,-0.0080557372282666,0.05385153957306077,0.025180540698650278
2001-01-31,0.042712,0.004805,0.00505,-0.002085,0.038346,0.038415,0.056584,-0.0010199999999999,0.009,0.44837,-0.000558,0.004693,0.165095,0.004693,0.006078,-4.5e-05,0.0273,0.0078887319692271,0.0490808476177131,0.13758,0.063318966764051,0.0359,0.0244813607821317,0.0145558653506399,-0.0134980421408626,0.0086,0.0041541330076133,0.04475291190772368,-0.031137175862081534
2001-02-28,-0.075121,0.0016439999999999,0.0024879999999999,-0.000315,0.019284,0.009112,-0.092576,0.006122,0.008,0.0009345,-0.012065,0.004298,-0.06908,0.004298,-0.002503,0.017566,0.0147,-0.0923876189604259,-0.063573761815545,-0.078385695951054,0.0151795429815015,0.0204999999999999,0.0090775079525178,-0.0129560306838617,-0.0047163297293885,-0.006,0.0325147743080666,-0.026566093897984033,-0.020407431283843702
2001-03-31,-0.048602,-0.0204789999999999,0.000407,-0.01816,0.020279,-0.046079,-0.02408,-0.024927,0.009,-0.0421256,-0.029966,0.004713,-0.08298,0.004713,0.005884,-0.007988,-0.0063,-0.0690478185122559,-0.0356622011149472,-0.0986636907316793,-0.0200171499008522,0.0231,-0.0026141780716593,0.009107082760194,-0.0429460880887784,-0.0033,0.0632872873650666,-0.04025560659656824,-0.04420887106564941
2001-04-30,0.0659759999999999,-0.001206,-0.015788,-0.03447,-0.005151,0.017416,0.05235,0.027724,0.012,-0.1439452,-0.030853,0.004171,0.0409999999999999,0.004171,-0.008,-0.031449,-0.0076,0.0734362632297116,0.0444640073645532,0.0492925701345017,-0.0135626589374093,-0.0051,-0.0093277829170521,0.0262975274315733,0.0331543770294525,0.0069999999999999,-0.0605843900987333,0.05096650627622634,0.03965768919033352
2001-05-31,-0.0054459999999999,0.001874,-0.003189,-0.010034,0.013766,0.016818,-0.050663,-0.013446,0.017,0.1397032,0.010545,0.004426,0.01944,0.004426,-0.019598,0.001709,0.0091,-0.0067322497861419,0.0061481043006748,0.0115778326861983,0.0175467775467774,0.0139999999999999,0.020387518481052,0.0253338140576901,-0.0147566573466299,0.0089,0.0009661798218563,-0.006562674401780488,0.00973913583107966
2001-06-30,-0.026944,-0.007013,-0.0006219999999999,0.0011949999999999,0.012257,0.029994,-0.050902,-0.035392,0.017,-0.2027567,0.01595,0.0041789999999999,-0.0161359999999999,0.0041789999999999,-8.800000000000001e-05,0.0103279999999999,0.003,-0.0292559833954854,-0.0286017763407515,-0.020876743467294,-0.0263430314917727,0.0144,0.0118965911690689,0.0584623794045762,-0.0312631406380838,0.0065,0.0227597823881,-0.008773359503143396,-0.02193121024980138
2001-07-31,-0.022438,0.022911,0.021966,0.036921,0.004867,-0.0270909999999999,0.003633,0.0037059999999999,0.0139999999999999,0.2513062,0.005897,0.004057,-0.072242,0.004057,0.010438,0.039476,0.0093999999999999,0.0102221512473827,-0.0198476479614553,-0.0636397886140781,0.0162558406312078,-0.0005,-0.0089682719119752,-0.0172977435350611,0.0172246462786978,0.0007,0.0069813315726699,0.007000346343972064,0.004342622401962037
2001-08-31,-0.0673909999999999,0.030102,0.014938,0.02329,-0.008329,0.003892,-0.089102,-0.0206449999999999,0.018,-0.2781003,0.017704,0.004336,-0.030154,0.004336,0.003939,0.0240149999999999,0.0121999999999999,-0.0558259461377276,-0.0535409789605932,-0.0100262073315281,0.0078740157480314,-0.0098999999999999,0.0177946768060837,0.0338740059830571,-0.0102379360944338,0.01,0.040700375738,-0.02798043384611104,-0.012369346153996541
2001-09-30,-0.0984169999999999,0.007759,0.000427,-0.015802,0.002204,-0.113762,-0.025584,-0.077856,0.013,0.2152128,-0.02617,0.0036,-0.164098,0.0036,0.007586,0.002358,-0.0054,-0.0592123253906098,-0.0774983540292706,-0.1549150345463933,-0.0690832604895104,0.0012,-0.0070980274955171,-0.0400801382505696,-0.0573050522532325,-0.0075,0.0944158267343,-0.10125093820365272,-0.05303287507708265
2001-10-31,0.0286079999999999,0.009037,0.030283,0.058379,0.0249029999999999,-0.001274,-0.02479,-0.038574,0.012,-0.2596598,0.035884,0.003759,0.072023,0.003759,0.003029,0.059455,0.0197,0.0317404449436158,0.038209065869567,0.0620141939844542,0.0319845065876345,0.02,0.0127172849725338,-0.0269415762281748,-0.0270349463263622,0.0060999999999999,0.0496379025584,-0.009993597416696809,-0.008094483020295806
2001-11-30,0.082789,-0.0116219999999999,-0.004327,-0.00831,0.009859,0.073815,0.03405,0.030355,0.008,-0.0043123,-0.007185,0.003505,0.129706,0.003505,-0.022606,-0.05301,0.0079,0.0633601582279088,0.0686538153834126,0.1043265406033902,0.0351445875629106,0.017,0.0044583147570218,0.0535321034884861,0.0253629697306786,0.0068,-0.0576464027481,0.07324421164259198,0.031109944918473742
2001-12-31,-0.0140189999999999,-0.020899,-0.0204409999999999,-0.0355549999999999,-0.024061,-0.0007059999999999,-0.0161,-0.039383,0.011,0.2979946,-0.017446,0.003228,0.059678,0.003228,-0.004944,-0.021572,-0.0406,0.0130254001611278,-0.0099604290751578,0.079309312970331,-0.00785606372751,-0.0207,-0.0125758248261578,0.0263952638861615,-0.0136099969120455,0.013,-0.00431658630641,0.011894513851981037,0.005516725448374338
2002-01-31,-0.00156,-0.0089839999999999,0.014468,0.022992,0.039365,0.019068,-0.043628,0.022816,0.016,-0.1525146,-0.003101,0.003124,0.063631,0.003124,0.00621,0.014031,0.0204999999999999,-0.0062056769133874,-0.0061062516241379,0.0337423627868769,0.005537251861901,0.0324,0.0045699730296675,0.0038059349383094,-0.0109326914320251,0.0072,0.0157150936567666,-0.008185382453025691,-0.026444362455876003
2002-02-28,-0.010687,0.006721,-0.003366,-0.014292,0.0107559999999999,0.010396,-0.037442,0.023955,0.015,-0.041948,-0.000428,0.002933,0.013814,0.002933,-0.002381,0.011,0.0059,0.0006068982308649,-0.0062853298327381,0.0162112226957116,-0.0131886891158897,0.0049,0.0130509359385486,0.0181002074344978,0.0213624464230786,-0.0042,0.00427543125285,-0.005209828937112859,0.01596268344297025
2002-03-31,0.036432,-0.005909,-0.017019,-0.033715,-0.017755,0.044154,0.023692,0.094133,0.015,-0.1848771,0.0031509999999999,0.003364,0.051677,0.003364,-0.004596,-0.046243,-0.0126,0.0249876099671328,0.0270488678291378,0.059841842370214,0.0252511160714286,-0.0141999999999999,-0.0019140164899881,0.0598657419773962,0.0726093367543919,0.0087,-0.0508958703857333,0.06292783505154631,0.0315429600194832
2002-04-30,-0.055525,0.0295949999999999,0.010655,0.012302,-0.003878,0.006234,-0.083597,-0.022219,0.0139999999999999,0.4895197,0.0014349999999999,0.003022,-0.016236,0.003022,0.0057709999999999,0.041043,0.0060999999999999,-0.0503174295624063,-0.0448575246069792,0.0064099608023979,0.0160293917539799,-0.0078,0.009662192063726,0.0131349194491312,-0.02466506143691,0.0095,0.0158231463096333,0.02310817673946164,-0.0014514192928191116
2002-05-31,2.1e-05,0.02243,-1.3e-05,-0.006562,0.00332,0.028452,-0.0050729999999999,-0.0169969999999999,0.008,-0.1798806,0.013167,0.003683,-0.0182559999999999,0.003683,-0.022069,8.6e-05,0.0183,-0.0177058653780762,0.0111233921296722,-0.016174853372434,-0.0076605774896875,0.0029,-0.0007305135510263,0.0144518168152765,0.0179512577463698,0.0083,0.0283668591352333,0.021951959405421828,0.014462463636835121
2002-06-30,-0.10246,0.034816,0.022168,0.04229,-0.031551,-0.049551,-0.109976,-0.025772,0.006,-0.1706852999999999,0.018768,0.002704,-0.116323,0.002704,0.008124,0.017678,-0.0067,-0.0437817163899824,-0.0844148586679306,-0.0752922546690885,-0.07738609371626,-0.0318,-0.0168871993566781,0.0273843280423236,0.0258760559428405,-0.0066,0.0610486621168666,-0.07510726718298844,-0.03439228624672397
2002-07-31,-0.105626,0.008998,0.013789,0.010459,-0.01249,-0.072131,-0.0949,-0.028498,0.011,0.4517432999999999,-0.026226,0.003211,-0.0978009999999999,0.003211,0.01361,0.031671,-0.0155,-0.0718437026687487,-0.0869937399126241,-0.0764465307438149,-0.0388227377782978,-0.0118,0.000669244497323,-0.0504854422215905,0.0120861270525049,-0.0115,0.0563247749893666,-0.08683394726284688,-0.07116421838209541
2002-08-31,0.012452,0.016318,0.022858,0.043117,0.018673,-0.003047,0.024095,0.050551,0.01,-0.1029626,0.032635,0.003348,0.026185,0.003348,0.000618,0.052224,0.0264,0.0050304440958692,0.0244107355623839,0.0152809135826705,0.0249589091130455,0.0192999999999999,0.0241509994798245,-0.000242887632017,0.0313967425483521,0.01,0.0328627612595,0.003550588902512697,0.011193649366526559
2002-09-30,-0.1226849999999999,0.0110499999999999,0.018193,0.022707,-0.008258,-0.05381,-0.136634,0.022986,0.01,-0.2143221,0.006343,0.002998,-0.120515,0.002998,0.010153,0.044285,-0.0055,-0.08353506832418,-0.0757336053635807,-0.1079240256112759,-0.015560966918097,-0.006,0.0177768103323177,-0.0395205446738369,0.0318925974237973,0.0024,0.0681661055333666,-0.1130576670513791,-0.07881103048650895
2002-10-31,0.077252,-0.002848,-0.008252,-0.018444,0.008326,-0.010065,0.114017,-0.007027,0.0139999999999999,0.0201038,-0.007934,0.003212,0.068854,0.003212,-0.0023599999999999,-0.037287,0.0023,0.0853993229215546,0.0487811015529446,0.0649702545822394,-0.0084162895927601,0.0075,-0.0022813146075427,-0.0456880681554052,0.0147950045257864,0.0011,-0.0309511839615333,0.013851621182615403,0.026470141637857658
2002-11-30,0.059656,0.002616,-0.006686,-0.014487,0.003924,0.04369,0.063736,0.015491,0.015,0.2829278,-0.012258,0.003155,0.075006,0.003155,-0.026894,-0.008132,0.0081,0.0276368344911068,0.0509913443078451,0.0688204629493514,0.0625475343007513,0.0018,0.0099321186137908,0.0453010412638077,0.0055943958292803,0.0125,-0.00927803217282,0.048090498298288376,0.01961701693368134
2002-12-31,-0.080842,0.040533,0.023062,0.032121,-0.022168,-0.029186,-0.055124,0.006369,0.017,0.0865599,0.032275,0.003222,-0.06195,0.003222,0.012153,0.043323,0.0056999999999999,-0.0366516106392279,-0.0529985926827804,-0.0332631534400491,0.0145446216394193,-0.0227999999999999,0.0266732701287675,0.0114426973524071,0.0162741714937187,0.0123,0.0922692277602333,-0.03120579355192865,0.0006826698577078183
2003-01-31,-0.050692,0.011238,0.011192,0.017361,-0.018375,-0.041699,-0.035609,0.054515,0.013,-0.1361733,0.012976,0.003284,-0.025855,0.003284,0.004091,-0.003128,-0.0095,-0.0361245848697677,-0.0507236416833868,-0.0044103967168263,0.0300268096514744,-0.0197999999999999,0.0084763283026669,-0.0278946583193677,0.0616942540362051,0.0144999999999999,0.0483311108188666,-0.00591914569031271,-0.03023726542910865
2003-02-28,0.02591,0.0129319999999999,0.006831,-0.002434,0.051538,0.049387,-0.000544,0.079319,0.016,-0.1742699,0.011796,0.0028139999999999,0.011971,0.0028139999999999,0.0070869999999999,0.031605,0.057,-0.0186663071608693,0.0446804974932693,-0.0280965571824297,0.0134524233540644,0.0501,0.0178351783517833,0.0162002120585891,0.0298466969058623,0.0088,0.0492145640397333,-0.03626565877571075,-0.015711721150269087
2003-03-31,-0.005762,0.002497,-0.0058779999999999,-0.012605,-0.003468,-0.00338,-0.003689,-0.077733,0.015,0.300125,-0.001645,0.0028239999999999,-0.031299,0.0028239999999999,-0.001143,-0.016694,-0.001,0.0134924227580754,-0.0040438317181586,-0.0285581795150198,0.0263855095971885,-0.0018,0.0044981537428667,0.0206743605400767,-0.0623639289961211,0.0043,-0.0272953567007333,-0.016851990027116015,0.005305533249656769
2003-04-30,0.073996,0.012827,-0.000606,-0.005086,-0.006612,0.027745,0.0809859999999999,-0.019576,0.0139999999999999,-0.161883,-0.005123,0.002832,0.074011,0.002832,0.000352,0.012779,0.0017,0.0706393966463565,0.0618128219323463,0.0889266628633964,0.0581309592793553,-0.0077,0.0281379494719957,0.0477024249920834,-0.0009079699085208,0.0210999999999999,-0.000934039035637,0.08410769487070313,0.06539643573262377
2003-05-31,0.032675,0.035545,0.021085,0.036591,-0.02131,0.051069,0.0473979999999999,0.034164,0.013,0.0477943,0.029561,0.002992,0.047079,0.002992,-0.0138199999999999,0.064145,0.0102,0.0432102480868894,0.0347060778607819,0.071496541179741,0.0114504766883229,-0.0177,0.0353637131898849,0.0612135423850535,0.0307159769496437,0.0281,0.0643537735738,0.09428984876230961,0.05355061980291187
2003-06-30,0.008195,-0.010843,-0.0062,-0.018801,-0.005846,0.012134,-0.007146,-0.033339,0.011,-0.1640788,3.5000000000000004e-05,0.0027089999999999,0.047946,0.0027089999999999,0.001607,-0.020469,-0.0179,0.0071245816969278,0.0072835768446399,0.0566875548814562,0.028006792508552,-0.0060999999999999,0.0082250266842469,0.0260103515183856,-0.0094056434659003,0.01,-0.0234000667776666,0.04305341010157737,0.008008506233591728
2003-07-31,0.049136,-0.029137,-0.017408,-0.030295,0.005641,0.0684309999999999,-0.002533,0.034557,0.013,-0.0376979,-0.029061,0.002797,0.092369,0.002797,-0.007308,-0.103018,-0.0034,-0.0052310616012816,0.0431287107952032,0.062183064676053,-0.0135500706231594,0.0186,-0.0190559222817287,0.052353160972421,0.021730478974442,0.0027,-0.0727842491700666,0.04727872457394189,-0.0007152979562766726
2003-08-31,0.041969,-0.002288,0.001595,0.014816,0.023092,0.0492279999999999,0.02133,0.060339,0.0139999999999999,0.1457503,0.002773,0.002756,0.088611,0.002756,-0.010504,0.02178,0.0139,0.0170129021624079,0.042628658242698,0.0669173734464181,0.0127654410872466,0.018,0.0021584560690706,0.0043033240365459,0.0398802865474602,0.0093,-0.0216385143304,0.050590104808327485,0.014445687529782258
2003-09-30,-0.046337,0.0480619999999999,0.008526,0.009851,-0.0305609999999999,-0.0078,-0.034687,-0.05125,0.0139999999999999,0.0715312,0.0135769999999999,0.0026929999999999,-0.044369,0.0026929999999999,0.006351,0.0549249999999999,-0.0022,0.004891374388334,-0.0331654717907429,0.0072827871242988,0.0271500802760538,-0.0385999999999999,0.0265425060179906,0.0314765248162163,0.0098404291253927,0.0163,0.0586200631819333,0.038718295592824026,0.024022628754652553
2003-10-31,0.038437,-0.005578,-0.021423,-0.027131,-0.024967,0.009785,0.011191,0.027178,0.0139999999999999,-0.1740811,-0.023424,0.003021,0.0634,0.003021,-0.012171,-0.030958,-0.0264,0.0412878353616474,0.0336315124648358,0.0850822696326201,0.0207400149309444,-0.0237,0.0018512804689909,0.0215430519418535,0.049756827345456,0.0154,0.0347523037415,0.07950116658431305,0.03680856792413323
2003-11-30,-0.000334,0.013028,0.002307,0.000344,-0.011353,0.020339,0.0168019999999999,-0.011659,0.013,0.2614842,0.0006529999999999,0.002672,-0.0036959999999999,0.002672,-0.017888,0.005846,-0.0004,0.014464086108991,0.0023833207326025,0.0121676018541108,0.0138047676730739,-0.0125,0.0085617493070526,0.0451707144254405,0.009635759752395,0.0123,0.0183579830327666,0.01477471141720832,0.023206203196623587
2003-12-31,0.025836,0.032671,0.021751,0.031761,-0.029083,0.011762,0.042923,0.0295619999999999,0.013,-0.1862306,0.033471,0.003142,0.038772,0.003142,0.01078,0.01192,-0.0079,0.0534076485845151,0.0316541495904438,0.0724066765086921,0.0237392068895552,-0.0346,0.0149016733846341,0.0342898701941973,0.0477614578304535,0.021,0.0731312388359,0.07415118800819687,0.05405931287305554
2004-01-31,-0.005916,0.003733,-0.001819,-0.002754,-0.010156,0.023201,-0.0004109999999999,-0.003876,0.0139999999999999,0.1466788,-0.0056489999999999,0.00307,0.0106729999999999,0.00307,-0.001931,0.02012,-0.0129,0.0037054887333582,-0.0027821139292143,0.0349213707270132,0.0161418189826028,-0.0131,0.0088458298230833,0.0430214404961515,0.0293265803677815,0.0187,0.0074154941100433,0.02832709929502064,0.011235454059843386
2004-02-29,-0.0066869999999999,0.005152,0.009892,0.00936,-0.010585,0.0112989999999999,-0.007429,0.04034,0.013,-0.0299841,0.009951,0.002878,0.0212,0.002878,0.000737,0.021695,-0.0141,0.0197360408917406,-0.0057984111312411,0.0458571147411928,-0.0011052597360379,-0.0139,0.0113927825827617,0.0219330562542203,0.0626783990090239,0.0156,0.0578351874022,0.02289254700882437,0.0213834703164133
2004-03-31,0.007074,0.0110769999999999,0.006068,0.0118039999999999,0.014702,0.062804,0.005011,0.045105,0.011,0.0087458,0.015723,0.0032029999999999,0.0258499999999999,0.0032029999999999,0.001749,0.015338,0.0209,-0.0163257297869072,0.0115975106076431,0.0124978910619963,0.0066822875987155,0.0139999999999999,0.0156286860108516,0.0559751704615369,0.0223523996188317,0.0053,0.0030283933147399,0.026094819107647105,0.0143747927833342
2004-04-30,0.01538,-0.036564,-0.010914,-0.022139,0.016947,-0.076612,0.016016,0.018226,0.011,0.0817145,-0.013485,0.003519,-0.0482709999999999,0.003519,-0.003124,-0.062465,-0.0015,0.0053610979584119,0.013147127412846,-0.0818806398687449,-0.0065948275862068,0.0274,-0.0289181812902852,-0.1526397551538927,-0.0174947878258346,-0.0038,-0.0454515307757666,-0.018319737391331303,-0.021292804145525812
2004-05-31,-0.021906,0.0049,-0.006306,-0.006724,-0.034983,0.018059,-0.041323,-0.015056,0.015,0.162154,-0.00258,0.003084,-0.0499139999999999,0.003084,-0.020371,-0.00413,-0.0279999999999999,0.0081859460503888,-0.0206551977713428,-0.0199502987658457,-0.0157287282509653,-0.0335,-0.0090892782395501,0.0706202360446972,0.0145034576360333,-0.0001,-0.0157344360083666,0.0051155392707535885,0.011141540439069564
2004-06-30,0.03026,0.002923,0.008892,0.0119849999999999,0.019114,0.034467,0.029834,-0.031583,0.016,0.0208841,0.00888,0.003428,0.0152059999999999,0.003428,0.006492,0.0097,0.0139999999999999,0.0146082200969543,0.0299722664977104,0.0042593199333325,0.0145473781657079,0.0112,0.0081467624162694,0.0299273161611828,-0.0239581298886897,0.0062,-0.0169656933758333,0.039389468461528354,0.01994405892734874
2004-07-31,-0.033449,-0.000207,0.0048649999999999,0.008157,0.006209,0.00722,-0.001181,0.016826,0.0139999999999999,-0.1045009,-0.0069999999999999,0.0038069999999999,-0.018969,0.0038069999999999,0.000561,0.018334,-0.0029,-0.0261934717860671,-0.0322638295468109,-0.0183054838435133,0.0134697690586369,0.0012,0.0162217167484737,0.0004212796297708,0.0022083677372969,-0.0007,-0.0074275882197266,-0.030836949066525343,-0.019083518855832038
2004-08-31,0.010909,0.021887,0.015742,0.022085,0.026996,0.062612,0.02412,-0.011859,0.013,0.0916121,0.0167159999999999,0.003683,0.04857,0.003683,-0.001495,0.041338,0.033,0.0070488030024089,0.014551119672721,0.041469493913232,0.0181783103603507,0.0182,0.0293338045591093,0.0788227087280823,0.0077291510169155,0.004,0.0032338119450166,0.0004277326282227101,0.019373973745067552
2004-09-30,0.014643,0.011817,0.008618,0.008987,-0.004318,0.006543,0.015199,0.063985,0.011,0.0023324,0.009027,0.0037619999999999,0.0534809999999999,0.0037619999999999,0.006363,0.010858,0.0059,0.0111441115924557,0.0064499746900894,0.057694842357185,0.0139166684211633,-0.0051,0.007439198855508,0.0019393463411294,0.0447241277771442,0.0125,0.058501622137,0.03147025290215577,0.016508594589397685
2004-10-31,0.0115179999999999,0.023954,0.0097729999999999,0.0129089999999999,-0.004526,0.031008,0.035473,0.004065,0.012,-0.0087908,0.005987,0.00392,0.011202,0.00392,0.004091,0.016967,0.0112,0.0133650138701564,0.0152984763584702,0.0238929114853874,0.0192906682171187,-0.0093999999999999,0.0144277193978983,0.0454614117914786,-0.0002069737692834,0.0147,0.0110348411198,0.023405725195633886,0.025631346338444327
2004-11-30,0.0113599999999999,0.026497,0.012516,0.019082,-0.044516,0.0283259999999999,0.015164,-0.050626,0.015,0.0373881,0.012883,0.003803,0.049906,0.003803,-0.0096309999999999,-0.0247909999999999,-0.016,0.04079817257486,0.0052872844504614,0.092572782884412,0.0103897162181434,-0.0445,0.002911697183493,0.0463739693047524,0.0155691197394532,0.0277,0.0523975398493,0.08068348626105215,0.05473481554583959
2004-12-31,0.034867,0.015322,0.007127,0.009126,0.002643,0.051406,0.037207,-0.05686,0.017,0.0061185,0.013287,0.004308,0.049003,0.004308,0.004208,0.0275939999999999,0.0109,0.0405873711336048,0.032150982069947,0.0480280476293772,0.0150815573522591,-0.0018,0.0126179442800513,0.0482391672069995,-0.0224855591814997,0.0178,0.0091199372177866,0.050039636480099015,0.03857643232232455
2005-01-31,-0.005329,-0.010524,-0.001929,-0.007094,0.023267,-0.028911,-0.003966,0.033351,0.016,-0.0322393,-0.008829,0.003542,0.018525,0.003542,-9.3e-05,0.035177,0.0072,-0.0150769888793841,-0.0040563605964246,0.0025397322652287,-0.001013010229417,0.0189,0.0081601146826928,-0.0791175631112997,0.0117616385436605,-0.0016,0.023542469828,-0.01471183111570662,-0.023222944103360232
2005-02-28,0.0099519999999999,0.001904,-0.0027939999999999,-0.001488,-0.025314,-0.000129,-0.0066469999999999,0.0480989999999999,0.017,0.1363519,-0.0070799999999999,0.0035399999999999,0.063116,0.0035399999999999,-0.01164,-0.013165,-0.0187,0.0421817643995288,0.0084285915938471,0.0872481349009279,0.0142959398735436,-0.0217,0.0038829641782882,0.0225406263650407,0.0799754292192988,0.0155,-0.0129010049235,0.047657416351980286,0.030788596312172567
2005-03-31,-0.001341,-0.012098,0.003944,-0.001087,0.016852,-0.006566,0.007334,0.054737,0.019,-0.0783274,0.003816,0.00393,-0.048656,0.00393,0.005559,-0.006769,0.0067,-0.0154596840427073,-0.003463795325333,-0.0660870725536183,-0.0273263677886028,0.0192999999999999,-0.0151449117454782,-0.0185962496781635,0.0302757949071249,0.0,0.0062804584843266,-0.019153916598733778,-0.010430120539365095
2005-04-30,-0.032953,0.013087,0.015163,0.022605,0.000585,0.020797,-0.012652,-0.069093,0.019,0.0005959,0.011405,0.0040799999999999,-0.037717,0.0040799999999999,0.005528,0.039103,0.0023,-0.0167436454193042,-0.0329274877604497,-0.0268447893082452,-0.0107216993490396,-0.005,0.0149352804513773,0.0467859624140403,-0.0375309428485627,-0.009,-0.0361530768380333,-0.026243090971633243,0.0011821522434209975
2005-05-31,0.066743,-0.013397,0.0164589999999999,0.0214509999999999,0.056443,0.067993,0.043709,0.039985,0.019,-0.0233484999999999,0.0092979999999999,0.00369,0.084689,0.00369,-0.006895,0.0305949999999999,0.0339,0.0189782114723906,0.0623460079808844,0.0348077498630616,0.0179069814818588,0.0525,0.0154785262698931,0.0357560646922818,-0.005339667368253,0.0028,0.0265546319580999,0.02101306816685833,0.010075294504337862
2005-06-30,0.025935,-0.004485,0.0142189999999999,0.021349,0.020658,0.056488,0.039411,0.034255,0.02,0.0194071,0.020712,0.003804,0.0527479999999999,0.003804,0.007788,0.020327,0.0121999999999999,0.002995203389156,0.0201324362113459,0.0339752579794925,0.0190329424008326,0.0194,0.0117539716616572,0.0469972497336685,0.0095002121637179,0.0144,0.0513383963149666,0.01981987402786345,0.014068052877409531
2005-07-31,0.05441,-0.008007,-0.005957,-0.012311,0.0122879999999999,0.069172,0.0437209999999999,0.064496,0.023,-0.0470062,-0.015715,0.003908,0.090791,0.003908,-0.001676,-0.030004,0.01,0.0274714459017142,0.0472113366629585,0.0698976656797394,0.0156922049610148,0.0163,-0.0029176171025409,0.0656712748339687,0.0254840525738379,0.0204999999999999,0.00448434342283,0.039212835360457055,0.02418992305768719
2005-08-31,-0.017493,0.0164589999999999,0.013647,0.021472,-0.0117819999999999,-0.034489,-0.017073,0.048764,0.024,0.029716,0.019348,0.003809,-0.0160979999999999,0.003809,-0.003824,0.033429,-0.005,0.0004232643932171,-0.0116280154687639,0.008563493668638,0.003615902235285,-0.015,0.0140455416045965,-0.0424603502469137,0.0348348836551074,0.0093999999999999,0.0233026526493333,0.028851944449513667,0.003914321037834956
2005-09-30,0.048115,-0.01592,-0.003107,-0.005429,0.010538,0.042939,0.032683,0.069111,0.025,-0.0764025,0.000957,0.0038669999999999,0.116892,0.0038669999999999,0.000749,-0.0357909999999999,0.0004,0.0118122451282096,0.0364246743502441,0.093114933702441,-0.0100186887077816,0.015,-5.2465897166786846e-05,-0.0010056878271527,0.0268216851375541,0.0171,0.0171772903021,0.0452284382008743,0.01790108747683017
2005-10-31,-0.026137,-0.014886,0.001056,0.002281,-0.007508,-0.03175,-0.03712,-0.064641,0.023,-0.0003869,0.00341,0.003468,-0.067068,0.003468,0.000748,-0.021833,-0.0155,-0.0245840546964407,-0.0227660715137008,-0.0653616412000268,-0.0072786719342974,-0.0005,-0.0105986672962905,-0.0273438746023619,-0.0326292900446721,-0.0141999999999999,-0.0210097051255,-0.03485804684067728,-0.02550828040256381
2005-11-30,0.054909,-0.007098,0.012277,0.0218529999999999,0.026417,0.057415,0.013202,0.02353,0.021,0.0744678,0.01137,0.003602,0.105474,0.003602,-0.011591,0.006853,0.0158,0.0245553710455699,0.0441714518857001,0.0827241522928665,0.0048226783508791,0.0264,0.0086440048788247,0.0433834217785085,0.0105090761011106,0.0153,0.0393113178033,0.02683134582623503,0.022019885499996672
2005-12-31,0.030421,0.0098719999999999,0.013956,0.02232,0.0175479999999999,0.04994,0.017353,0.040229,0.019,0.0091320999999999,0.021009,0.003974,0.070462,0.003974,0.006336,0.028752,0.0179,0.0041606168400745,0.0297898225162958,0.0591067662391064,0.0091503267973858,0.0121,0.0101472134595164,-0.0022050782989481,0.0518606874464768,0.0161,0.0203763084855666,0.030572795178063883,0.01726812147383283
2006-01-31,0.0066979999999999,0.012614,0.007022,0.018389,-0.0313289999999999,0.027531,-0.006905,-0.01851,0.019,-0.0130807999999999,0.009381,0.0034739999999999,0.0700129999999999,0.0034739999999999,-0.001222,-0.012614,-0.0219,0.0353122811531865,0.0094857396042331,0.1116955768468075,0.0158533756090017,-0.0317,0.0022901160672461,0.0699804736388147,0.0519531527017648,0.0312,0.0406867748719666,0.06344857633933754,0.028170108468208666
2006-02-28,0.015595,-0.003547,0.001252,8.6e-05,0.019227,0.040077,0.0294059999999999,-0.046565,0.02,-0.0095949,-0.007161,0.003332,0.015375,0.003332,-0.0074329999999999,0.0122429999999999,0.0113,-0.0101392952766135,0.0111261008082908,-0.0011866761801044,0.006318514007308,0.0175,0.0076335877862594,0.0144388084396471,-0.0366112622599544,0.0031,-0.0020108788384066,-7.812025310960369e-05,0.007641426381913563
2006-03-31,0.030451,-0.009913,-0.01422,-0.030354,0.001456,0.054055,0.0181729999999999,0.030706,0.018,0.0209439,-0.018906,0.003938,0.017621,0.003938,0.000474,-0.046585,-0.0004,0.0208657890081545,0.0319177988124628,0.0088091317196419,0.0062410167183597,0.011,-0.0108225108225108,0.0500394,0.0161692249815094,0.018,0.0530112216194333,0.029790447750829063,0.011162389844836973
2006-04-30,-0.01598,0.018929,-0.0128709999999999,-0.024522,-0.0455809999999999,-0.049542,-0.014869,0.019774,0.02,-0.0679389,-0.018363,0.003454,0.022914,0.003454,-0.000379,-0.0279349999999999,-0.0277,0.0205203596513048,-0.0183228094475333,0.0712142726700135,0.0064278464834794,-0.0426,-0.001041992289257,-0.0310289599999999,0.0618902059757516,0.0206,0.0270021208572666,0.047605239155760204,0.019790732747683615
2006-05-31,-0.060823,0.012898,0.00682,0.011238,-0.030458,-0.060593,-0.029537,-0.018305,0.022,0.0430708999999999,0.0103889999999999,0.0036049999999999,-0.129368,0.0036049999999999,-0.011848,0.001001,-0.0161,-0.0277775495504377,-0.0565572835073181,-0.1047890754109768,-0.0006162695152014,-0.0268,-0.003024929592156,-0.02783242,0.0030838348375725,-0.0134,-0.0265168231467666,-0.03215231756106496,-0.022114967462039004
2006-06-30,0.013672,-0.007945,-0.005215,-0.013413,0.013634,0.050718,0.020929,-0.001785,0.025,0.0213603999999999,-0.002839,0.003891,0.011956,0.003891,0.002302,0.009503,0.0037,0.0068494790705666,0.0194649660073622,-0.0024445601734898,-0.003793328973185,0.0141999999999999,-0.005021971123666,0.04991337,-0.0006436828126188,-0.0017,0.00603287986405,-0.0022048296744134888,0.005009991929469937
2006-07-31,-0.005231,0.009962,0.01265,0.022949,0.004773,0.024083,0.0157479999999999,0.0203339999999999,0.024,0.0183286,0.021983,0.003531,0.002918,0.003531,0.00335,0.0210069999999999,0.0005,0.0115479741034407,0.0029344855501012,0.0141150161487004,0.0106542617046818,-0.0022,0.0188748685594111,0.03013291,0.0173974220568179,0.002,-0.0046348520795266,0.018964106512287415,0.02262310960156233
2006-08-31,0.007619,0.011555,0.009959,0.018423,-0.004133,0.01919,0.008602,-0.0532669999999999,0.025,0.0134002,0.012349,0.003854,0.007579,0.003854,-0.007917,0.031832,-0.0070999999999999,0.0206610713055888,0.0041710861086612,0.0254744525547443,0.0161841128433557,-0.0112,0.0185252076990556,0.0342112,-0.019637710081129,0.0075,-0.0113005504560333,0.032492669197217605,0.028647243479668516
2006-09-30,0.0283579999999999,-7.5e-05,0.004421,0.0070009999999999,0.02577,0.039118,0.042386,-0.044949,0.024,0.0055233,-0.001406,0.003938,0.024857,0.003938,0.003557,0.019313,0.0182,0.0027437574437123,0.0282991889770889,0.00832799487508,0.0131502045587377,0.0239,0.0078528726314723,0.01979734,-0.0390283798984959,0.0007,0.0163301426425333,0.01405289476643734,0.009910564850974302
2006-10-31,0.016927,0.009673,0.0082399999999999,0.018896,-0.013709,0.036581,0.028468,0.0274549999999999,0.024,-0.0019603,0.018859,0.00383,0.027839,0.00383,0.002012,0.008458,-0.0111,0.0430989752237644,0.0155784210491283,0.0474969719937283,0.0146019613498702,-0.016,0.0111597044186397,0.0631885599999999,0.0455964899476486,0.0168,0.0184441496124333,0.03841762196560139,0.03017505565397305
2006-11-30,-0.006491,0.024354,0.000975,-0.004356,-0.019287,0.018681,0.005565,0.022797,0.027,0.0389557,-3e-05,0.003932,0.041802,0.003932,-0.010039,0.023912,-0.0068,0.026128296802943,-0.0067623554350684,0.0743213046840085,0.0159731352830387,-0.0246,0.0124285359184688,0.0445629399999999,0.0555500478652513,0.0196,0.0119536607791199,0.03363136962316249,0.02860903613707433
2006-12-31,0.025962,-0.0132559999999999,-0.0116189999999999,-0.022023,0.001811,0.0330149999999999,0.038724,-0.040663,0.03,0.0242221,-0.018961,0.004312,0.053549,0.004312,-0.000193,-0.027524,-0.0081999999999999,0.0083660510269778,0.0241946199478486,0.0450292513503163,0.0110001573949389,0.0064,0.0013258040756198,-0.01220343,-0.032086249514448,0.0179,0.039971220806,0.03276994676593614,0.025426441169024594
2007-01-31,0.009021,-0.009828,-0.013464,-0.025487,6.2e-05,0.045209,0.010356,-0.0006529999999999,0.027,0.0235916,-0.023739,0.00411,-0.014286,0.00411,-0.005603,-0.010843,-0.01,0.0020043642810017,0.0030274710275726,-0.0105582075689268,0.0107420861442655,0.002,-4.90388387602847e-05,0.07832957,-0.0101292582875592,0.0129,0.0292049362159,0.013752832294355644,0.014437460914477507
2007-02-28,-0.004849,0.020578,0.016795,0.025617,0.011591,0.007538,0.007187,0.034044,0.0279999999999999,-0.0011083,0.022277,0.003915,-0.005746,0.003915,-0.0039829999999999,0.035364,0.0192999999999999,-0.0152006976877846,-0.0008830934240953,-0.0059357129401097,0.0139309613047871,0.0067,0.0158893629542444,-0.02915376,0.0405965390313726,0.0072,-0.0318807065970999,0.006830388417529365,-0.0013648781699323598
2007-03-31,0.014633,0.0023639999999999,-0.010481,-0.022926,0.001725,0.002632,0.022527,0.006107,0.031,-0.0010343,-0.013811,0.004541,0.0358449999999999,0.004541,0.001073,-0.017467,0.0015,0.0267612459908244,0.0134444620471898,0.0396749429865417,0.0023293104903368,0.0033,0.0029930002413709,-0.02500278,0.0103695436599081,0.0121,0.021869804997,0.026178097207687934,0.014196480218856555
2007-04-30,0.027156,0.011303,-0.002859,-0.0089959999999999,-0.014575,-0.008787,0.020113,-0.004877,0.0279999999999999,-0.003539,-0.004699,0.004183,0.029316,0.004183,0.002533,0.0081879999999999,-0.0084,0.052731732331626,0.024421840274198,0.047444714256585,0.0132361113449976,-0.0155,0.0089522067670981,0.0010908279999999,0.0091745363681254,0.0197,0.0529637949990333,0.05746473870858382,0.03674898121717529
2007-05-31,0.039383,-0.015593,-0.009031,-0.015357,0.00468,0.019309,0.051603,0.012373,0.025,0.0482856,-0.016072,0.004539,0.061703,0.004539,-0.0116619999999999,-0.021528,-0.0048,0.0319299028123385,0.0338733118260066,0.0485401384501487,0.0071132975452474,0.0116,-0.0039593569622667,0.0010470013,0.0201600250298446,0.0232,0.0240064184496333,0.0344227006368778,0.013544884489668618
2007-06-30,-0.021457,-0.004435,-0.0117029999999999,-0.0246079999999999,-0.018076,-0.085987,-0.032852,-0.0276259999999999,0.024,0.1635761,-0.00178,0.004635,0.032194,0.004635,0.0017699999999999,-0.010399,-0.0184,0.0072864758867239,-0.0149332939771248,0.0468781645925693,-0.0168490189283297,-0.0104,-0.0070402298850574,-0.090407,0.0113632622025182,0.0077,0.0236990905268,-0.0006038773600105518,-0.029633885633798207
2007-07-31,-0.036074,0.020308,0.025276,0.040699,-0.006452,-0.063125,-0.044534,0.006213,0.019,-0.1052224,0.0246729999999999,0.004582,0.038195,0.004582,0.0069689999999999,0.031556,0.0074,-0.0126833708045335,-0.0286976574191376,0.0527621110218428,-0.0314052638646435,-0.0056,-0.0076207012974485,-0.08794362,0.0280890936813182,0.0002,-0.0523309706264333,-0.03175286861238413,-0.026907854087229177
2007-08-31,0.008904,0.012313,0.015112,0.017271,0.019101,0.039099,0.03235,-0.026992,0.018,0.060027,0.017088,0.0051639999999999,-0.011266,0.0051639999999999,-0.00195,0.018499,0.0197999999999999,0.0099995768222094,0.017242835774015,-0.0212508007973517,0.0111428818993155,0.0106,0.0041798298906441,0.0549703499999999,-0.0260990079210138,-0.0152,-0.0208775288086666,-0.003551156222911911,0.014910239563439065
2007-09-30,0.035286,0.022444,-3.1e-05,-0.012252,-0.001749,0.047339,0.044629,0.067395,0.018,-0.0319062,0.0032069999999999,0.004559,0.097644,0.004559,0.008692,0.003057,0.0123,0.0593558907460252,0.0246092567103519,0.1104412067666134,0.0244395694796737,-0.0034,0.0111804849716856,0.04243216,0.0835072100210913,0.0271,0.0427044359972,0.043872896662210836,0.04074103868912049
2007-10-31,0.011585,0.0162989999999999,0.008616,0.01249,-0.010577,0.006822,0.0364429999999999,0.0142009999999999,0.021,-0.020392,0.0065159999999999,0.005037,0.091058,0.005037,0.0038729999999999,0.015445,-0.0033,0.0318964485150123,0.0134703902380439,0.1115207762868053,0.0060561448121256,-0.013,0.0107696726019528,0.008151885,0.0151309396500959,0.0318,0.0508913608585333,0.02847182510007462,0.024739710502194923
2007-11-30,-0.031183,0.01911,0.017277,0.015424,0.026314,-0.067819,-0.000789,-0.021572,0.021,0.0123968999999999,0.029043,0.005199,-0.061261,0.005199,0.001254,0.053585,0.0296,-0.0307820601138465,-0.0105710361592912,-0.0709070165430689,-0.0204702673939072,0.019,-0.0041199033953684,-0.08623405,-0.0214694428381232,-0.0113999999999999,-0.0224193721484333,-0.05230554278361721,-0.021174640582570237
2007-12-31,0.024687,-0.0029809999999999,0.017033,0.027426,0.036918,-0.015806,0.037357,0.086167,0.021,-0.0170071,0.020138,0.004692,0.043959,0.004692,0.007995,-0.005448,0.0299,-0.0031850537611423,0.0276812327400715,0.0035270120000272,0.0029369323486971,0.0368,0.0017118402282452,-0.0442255899999999,0.0333907561676971,0.0053,0.0294329776094999,-0.01854289525414199,-0.017413010448222854
2008-01-31,-0.079252,0.0277789999999999,0.003899,-6e-05,0.015395,-0.0455009999999999,-0.076277,0.03904,0.022,-0.0457273999999999,0.012219,0.005139,-0.128035,0.005139,0.0036309999999999,0.0203549999999999,0.0291,-0.0839595127809229,-0.0592506654908886,-0.124794924087922,-0.0135922001421848,0.0137,0.0053640938004366,-0.003048861,0.047149748884727,-0.0139,-0.0320709331503333,-0.0826966826036919,-0.05036416127384369
2008-02-29,-0.004035,0.016727,0.002899,-0.002989,-0.00521,-0.0164589999999999,-0.030129,0.124819,0.025,-0.0395243,-0.001594,0.004717,0.074965,0.004717,-0.004951,-0.00169,0.0161,0.0110565398157165,0.0032113076536455,0.0738113238812308,-0.0118747318747317,0.0016,0.0024552622881155,-0.03846813,0.1278205199360275,0.0177,0.0938049198700999,0.001995454874591518,-0.011112506173149517
2008-03-31,-0.010233,0.0204,0.007475,0.002368,0.00865,0.003265,-0.0141,-0.0640329999999999,0.025,0.0243695,0.019391,0.004366,-0.053273,0.004366,0.007656,0.0165979999999999,0.0213,-0.0159403645827304,0.0063103664031025,-0.0529180008487326,-0.0051925047322994,-0.0007,-0.0081484621543967,0.0388086699999999,-0.0911956872524074,-0.0192999999999999,-0.0280126474461333,-0.008002056798204538,-0.007481994739636844
2008-04-30,0.054309,-0.019088,-0.015305,-0.0158,0.006067,0.064306,0.042566,0.037359,0.03,-0.0698583,-0.014267,0.004503,0.083056,0.004503,-0.008452,-0.0232549999999999,-0.0157,0.0550991573070058,0.0346725702150412,0.0811529854451118,0.041669576146917,-0.0025,0.0118719726469749,0.0610124099999999,0.0290060802623243,0.008,-0.0222718211267,0.04993226460373723,0.028272826407074403
2008-05-31,0.0180719999999999,-0.0110579999999999,-0.014415,-0.014205,-0.00145,-0.021812,0.032548,0.0301969999999999,0.033,0.0035264,-0.001334,0.004788,0.0220889999999999,0.004788,-0.021262,-0.024441,-0.0089,0.0247254830249943,0.0151554602596133,0.0185534480119622,0.0042734326557287,0.0064,0.004927726675427,0.0075724,0.0008532313240025,0.022,0.0009120092618466,0.01747950827874889,0.011705251051924437
2008-06-30,-0.085767,0.000852,-0.006783,-0.01052,-0.010105,-0.123542,-0.062911,0.083866,0.038,0.0439452,0.024836,0.004349,-0.105745,0.004349,9.8e-05,0.024264,-0.0060999999999999,-0.0528126064309598,-0.0698913715088848,-0.099754013464526,-0.0267830324066348,0.0,-0.0086396114509876,-0.11253587,0.0744965388026234,0.0022,0.0791721789682333,-0.08955883490765837,-0.06407124431619438
2008-07-31,-0.019905,0.001377,0.024118,0.029519,0.002875,0.012861,-0.033478,-0.11445,0.044,-0.0621785,-0.00793,0.0046,-0.032607,0.0046,0.00998,-0.006218,0.0060999999999999,-0.0308723737402165,-0.011454030064108,-0.0377199560344738,-0.016031961043192,0.0055,-0.0027322404371585,0.02811192,-0.0731296311323666,-0.0239,-0.0352605534464,-0.03012577493028501,0.0016472752222593812
2008-08-31,0.07509,-0.016528,0.021029,0.0248059999999999,0.0966949999999999,0.067819,0.068,0.010981,0.047,0.0152847,0.045222,0.004581,0.00373,0.004581,-0.000388,0.031839,0.0681,-0.0037066759284174,0.0661307626252456,-0.0798755297458287,0.0032237828041683,0.0834,0.0046291922531884,0.02006769,-0.0609484600924932,-0.0139999999999999,-0.0357959029684,-0.014073107088384607,0.0005013565776232909
2008-09-30,-0.100524,-0.0235279999999999,0.000953,-0.013913,0.024536,-0.073613,-0.092451,-0.096791,0.052,0.0110427,-0.0517689999999999,0.004425,-0.157662,0.004425,0.012793,0.013711,-0.0008,-0.1097484074690119,-0.0621176408519932,-0.1750024653545181,-0.0829758037901026,0.0118,-0.0734436712431823,-0.003323909,-0.1212666284492011,-0.0648,-0.015420148093,-0.14888719845149245,-0.061237403901396426
2008-10-31,-0.1067549999999999,-0.036862,0.0031669999999999,-0.007203,0.079082,-0.204962,-0.0429929999999999,-0.132361,0.045,-0.156072,-0.079919,0.00479,-0.199212,0.00479,0.017895,-0.020222,0.0625,-0.1508331506834669,-0.0212918676696285,-0.2736771421841435,-0.1629730651210366,0.0576999999999999,-0.1936973510605907,-0.3022584,-0.2096408212393238,-0.0682,0.0884137386847666,-0.20866724245341783,-0.15825672983222738
2008-11-30,-0.017904,0.028915,0.04463,0.062496,0.072369,-0.10228,0.0663889999999999,-0.023001,0.0409999999999999,-0.3840925,-0.023999,0.003509,-0.0288609999999999,0.003509,0.007803,0.145234,0.0834,-0.0444849099127456,0.0302784470971708,-0.0752773529013146,-0.0843403484951346,0.0567,0.0363773679904335,-0.2151377,-0.0706746522237785,-0.0412999999999999,0.0782493459431333,-0.05455334338279039,-0.0341586899887254
2008-12-31,0.089087,0.062131,0.0519639999999999,0.079451,0.096549,0.157156,0.107014,0.007916,0.031,-0.4190098,0.103787,0.002875,0.140205,0.002875,0.019496,0.134365,0.1336,0.0220434544133849,0.1203977965956773,0.0779925043445488,0.0747596569705657,0.0810999999999999,0.0483391024473189,0.15874477,-0.0201216956017908,0.0006,0.0594406630933333,0.06251744612400345,0.019566092057134554
2009-01-31,-0.080477,-0.032701,-0.0453439999999999,-0.094254,-0.003118,-0.1217699999999999,-0.076214,-0.046359,0.03,-0.1274312,-0.021964,0.002225,-0.058341,0.002225,0.002562,-0.130927,-0.0354,-0.0586218900180821,-0.0847401638231336,-0.0645806627044244,0.0530721118469461,0.0327,0.040259514568731,-0.1649391,-0.015730407508308,0.0121,0.0011311835395566,-0.09873585686996555,-0.07152522192976873
2009-02-28,-0.095164,-0.02234,0.013795,0.011969,0.0135,-0.158253,-0.076039,-0.036673,0.032,-0.3271955,-0.045786,0.00158,-0.0491739999999999,0.00158,-0.004289,-0.015338,-0.0111,-0.0821105684209084,-0.077421192774055,-0.0564097506281017,-0.0346536815442396,0.0195,-0.0129190332999221,-0.1946351999999999,-0.0516861335216741,-0.0084,0.0239774472588666,-0.12390504187149531,-0.09815497202657897
2009-03-31,0.079019,0.023014,0.024915,0.041592,0.01202,0.074189,0.017352,0.03951,0.0289999999999999,-0.4429917,0.0399049999999999,0.001292,0.148202,0.001292,-0.0006419999999999,0.041433,0.0173,0.0756335748017398,0.0684823331841402,0.1437090500998477,0.0330249496708816,0.0096,0.039207943134379,0.04409184,0.0435516724530044,0.0070999999999999,-0.0237289923559333,0.08741244938700476,0.03801928418507239
2009-04-30,0.076422,0.008995,-0.012793,-0.0228209999999999,-0.024237,0.16785,0.000576,-0.025057,0.023,-0.1943505,-0.006332,0.000993,0.1285089999999999,0.000993,0.0012839999999999,-0.068322,-0.024,0.0727862587478065,0.0567294182471214,0.1664069264069263,0.1146510762223829,-0.0171,0.0524944356983876,0.2797494,0.0195658747154891,0.0163999999999999,-0.0462249917802333,0.17040966879552344,0.07272196261682229
2009-05-31,-0.002562,0.03569,-0.009821,-0.020651,-0.075297,0.030087,-0.0268129999999999,0.033508,0.022,0.0619753,0.013482,0.0008309999999999,0.0717619999999999,0.0008309999999999,-0.009618,-0.035489,-0.0483,0.0880323520712211,0.0156007765924082,0.1708687978358405,0.0711325017188881,-0.0541,0.0644728698163812,0.02139569,0.1335047061004967,0.0371,-0.0752245472226,0.12837526474836713,0.06976445351432403
2009-06-30,-0.023256,0.004137,0.009464,0.02806,-0.019212,-0.018824,-0.005282,-0.037498,0.018,-0.1371774,0.023579,0.000809,-0.031775,0.000809,-0.005179,0.008257,-0.0168,0.0044818601279341,-0.0122654609125934,-0.013471582884574,0.0318013424788174,-0.0116999999999999,0.0256323287140225,-0.02469142,-0.0271561373616649,0.0042,0.0134983364284333,-0.005312997602671898,0.013345205080427025
2009-07-31,0.069625,0.022145,-0.0075829999999999,-0.016589,0.0070279999999999,0.084793,0.039853,0.017972,0.018,0.1258421,-0.015101,0.000841,0.0975019999999999,0.000841,0.001673,0.004481,0.0154,0.0660716530483973,0.0462690611897975,0.1124467166001443,0.0618378954852469,-0.0009,0.0391174942126895,0.10179122,0.0281338323884138,0.025,-0.0353533708628999,0.09448472299259181,0.06895146652442219
2009-08-31,0.067599,0.017566,0.036726,0.072956,0.025755,0.10374,0.05517,0.019327,0.016,0.0416467,0.036267,0.000629,0.021859,0.000629,0.001207,0.023229,0.0351,0.0227134317632908,0.070803770230299,-0.0035782710692773,0.020338472354743,0.0352,0.0309161172993863,0.12223742,-0.0059279670893584,0.0156,0.0190901261897333,0.07813475016141314,0.028400537820717275
2009-09-30,0.0571929999999999,0.021371,0.001832,0.003558,0.028445,0.073829,0.053912,0.032667,0.011,-0.0342371,0.004235,0.000565,0.109158,0.000565,0.001205,0.024606,0.0408,0.0357449024991047,0.0573506051652552,0.0907700136559221,0.0597499753912786,0.0289,0.0346637265711136,0.06367111,0.0115089308994848,0.0308999999999999,0.0073342302687866,0.044966393555056605,0.03787340666568739
2009-10-31,-0.043063,0.004698,-0.002732,-0.0074529999999999,-0.0214259999999999,-0.036418,-0.056253,0.0062229999999999,0.015,0.0680466,0.026276,0.000511,-0.024411,0.000511,0.0006479999999999,-0.024211,-0.0252,0.0109471748719183,-0.033369195474593,0.0012371888942366,0.017864883274506,-0.0243,0.0109117258428881,-0.0480171899999999,0.0420921205712789,0.0011,-0.0246406475502999,-0.03520505600440538,-0.026874696435667866
2009-11-30,0.043592,0.025464,0.008872,0.011462,0.016574,0.0214,0.048719,0.037889,0.019,0.0022277,0.014356,0.000425,0.045759,0.000425,-0.002221,0.010075,0.03,0.0521157869509738,0.0466471689573635,0.042953198265947,0.0101292775665398,0.0098999999999999,0.0075894927688999,0.0684363299999999,0.0371194510807108,0.021,0.0418221195303666,0.031105491868967716,0.042831271919757
2009-12-31,0.033654,-0.037627,-0.026326,-0.046959,0.003475,0.052106,0.036563,0.035514,0.0289999999999999,-0.0144477,-0.028493,0.000496,0.057224,0.000496,-0.0040799999999999,-0.0622039999999999,-0.022,0.0198678839890908,0.0447958932309449,0.039493291484639,0.0313478679836185,0.0113,0.0049378583085744,0.06426869,0.0146787294356538,0.0089,-0.0167322091127666,0.02539754569241026,0.001320035294787747
2010-01-31,-0.033188,0.004131,0.007082,0.009834,0.02373,-0.049246,-0.048678,-0.064904,0.035,0.0552548,-0.004554,0.000407,-0.048154,0.000407,0.002328,0.0259019999999999,0.0118999999999999,-0.0370855522328236,-0.0512560390726412,-0.0557719614168901,0.0151537271161201,0.0184,0.019696023318759,-0.04678089,-0.0745381611547279,0.0016,-0.0479415844218333,-0.04032352982717147,-0.024126142245511017
2010-02-28,0.065747,0.000744,-0.0037719999999999,-0.02246,0.055883,0.082814,0.041283,0.0899499999999999,0.03,0.0061978999999999,-0.009288,0.0003769999999999,0.054492,0.0003769999999999,-0.0030659999999999,0.001057,0.0533,0.0159933198174986,0.0522063166939157,0.003517525690037,0.0015531523239762,0.0561,0.0091065011434172,0.05057423,0.0336808866532768,0.0070999999999999,0.0191815412750333,0.006487050427945951,0.014720933506641387
2010-03-31,0.065076,-0.007558,0.008048,0.014745,0.005894,0.073495,0.039236,-0.009498,0.034,-0.0002123999999999,0.029878,0.000378,0.084099,0.000378,0.000746,-0.024706,-0.004,0.0483637095092299,0.0402052228382592,0.0807343400126314,0.030957440698409,0.0046,0.0222977621302253,0.0941871499999999,-0.0038045480299711,0.0223,0.0498746524273666,0.06938990370321019,0.034473479407289176
2010-04-30,-0.005815,0.000161,0.0065439999999999,0.008447,-0.001416,0.019184,-0.0227309999999999,0.013372,0.037,0.0131719,0.0003239999999999,0.000399,0.006281,0.000399,0.002514,0.0333619999999999,-0.0088,-0.0055795557543583,-0.0087752297153824,0.0121154004510402,0.0223955431754874,-0.0043,0.0120734700340432,0.06580515,0.0278646041947975,0.0123,0.0199544367160666,-0.013248212554808458,-0.002223889879710339
2010-05-31,-0.048991,-0.015631,0.022717,0.033397,0.062771,-0.036439,-0.03137,-0.018423,0.034,0.01342,8.099999999999999e-05,0.000362,-0.039701,0.000362,0.002043,0.052071,0.037,-0.0904650859977035,-0.0284118610757259,-0.0879577139497774,-0.0352141455972101,0.0558,-0.0217858958814095,-0.0531609999999999,-0.081302992118068,-0.0291,-0.0530921747606999,-0.10262024197745279,-0.06152179268038027
2010-06-30,-0.062232,0.015317,0.015032,0.020735,-0.0172669999999999,-0.047731,-0.024516,-0.028463,0.032,0.0355887,0.012151,0.00043,-0.035716,0.00043,0.005562,0.055106,-0.0139999999999999,-0.0194607778064099,-0.0480322198529319,-0.0073494287934159,0.0130466091523939,-0.0223,0.0207117153138745,-0.0453315799999999,0.0142269068122394,-0.0083,0.0101874595060333,-0.0437673291789058,0.006017005100997341
2010-07-31,0.030653,0.03398,-0.002354,-0.01284,-0.035518,0.0449629999999999,0.041447,0.017944,0.031,-0.0177821999999999,-0.0217419999999999,0.000369,0.0332229999999999,0.000369,-0.001567,-0.006264,-0.0121999999999999,0.0620483055110543,0.0288123683626349,0.0832743886176787,0.0346495323846294,-0.0392,0.0278909432779692,0.08993679,0.0868291521469137,0.015,-0.0103322446635666,0.09738517879219044,0.046192630872829765
2010-08-31,-0.014993,0.0139169999999999,0.044027,0.0841339999999999,0.022205,0.017647,0.028216,-0.002833,0.031,0.018511,0.05484,0.000491,0.003503,0.000491,-0.00277,0.080806,0.0332,-0.0278856380153493,-0.0169888666275595,-0.0194202557254564,0.0015626473401317,0.0248,0.0182164634146342,-0.01404112,-0.0168651367081574,0.0023,0.0562619182494666,-0.04509334562899148,0.0037408212210268132
2010-09-30,0.066207,0.023467,-0.005334,-0.011762,-0.02635,0.0596159999999999,0.028002,0.046075,0.031,0.0439385,0.004266,0.00043,0.0838059999999999,0.00043,-0.000185,-0.022449,-0.0018,0.0946765949131449,0.0660211574495035,0.1111277887698709,0.0296843266217432,-0.0219,0.0118272325772885,0.04455051,0.0787284137867817,0.0335,0.0101502518926333,0.10486473898965598,0.058402284810537664
2010-10-31,0.01856,0.012557,-0.013652,-0.034768,-0.004713,0.023071,0.021189,0.030885,0.032,-0.0197053999999999,-0.016758,0.000491,0.01056,0.000491,0.000185,-0.0464759999999999,-0.002,0.0437643571519168,0.0227279362024097,0.0290363384052365,0.0242567532263964,-0.0125,0.009506547310794,0.04555769,0.052844170407514,0.0187999999999999,0.0194819752368,0.042932948166791274,0.0269883638486883
2010-11-30,0.005725,-0.038067,-0.005979,-0.009604,0.024626,-0.014816,-0.031255,0.024278,0.033,0.0226386,-0.003508,0.000456,0.000845,0.000456,-0.004907,-0.0127429999999999,-0.0125,-0.0167807398422741,-0.0088772639991493,-0.0263982604835225,-0.0111588639638835,0.0237999999999999,-0.0135575830859991,-0.01624,-0.0052293123384333,-0.0019,-0.0084347138231733,-0.047399196094893514,-0.021860117295077308
2010-12-31,0.072906,0.013059,-0.001267,0.009723,-0.0102449999999999,0.0624329999999999,0.0506179999999999,0.106251,0.037,0.0618321,0.028034,0.000511,0.072375,0.000511,-0.0053029999999999,-0.036766,0.0077,0.0555385807290325,0.0733523166144662,0.0713594030011743,0.0176171683561607,-0.0069999999999999,0.0029345120909327,0.04674015,0.1070306810512597,0.0289,0.0437133494792666,0.08493963969444684,0.046603009358798575
2011-01-31,-0.005599,0.0018,-0.018729,-0.03683,-0.0207419999999999,-0.014617,-0.003656,-0.017815,0.04,-0.0819554,-0.029135,0.000445,-0.054257,0.000445,-0.005519,-0.030768,-0.0208,0.0101206125491259,-0.004852611339466,-0.0271295035639508,0.0210128764067727,-0.0206,0.0044814814814813,0.03640763,0.0341839380432961,0.0067,-0.0082669357355266,0.050129471660731006,-0.00283240204467905
2011-02-28,0.021191,0.005887,0.007056,0.015738,-0.012399,0.015293,0.0133309999999999,-0.0003509999999999,0.044,0.0054816,0.016611,0.000429,-0.023018,0.000429,-0.012603,0.014649,-0.0093999999999999,0.0282351804746112,0.0188142880246071,-0.0093259227724215,0.0133809984856383,-0.0141,0.0052357951402972,0.0448613899999999,0.0302346566983946,0.0136,0.0400731070136333,0.03637533629524148,0.0291779524909892
2011-03-31,0.001603,0.00471,0.0039369999999999,0.006562,0.01686,-0.0003599999999999,0.004386,0.032463,0.04,0.0506231,0.0072499999999999,0.000489,0.071198,0.000489,0.001048,0.000762,0.0195,-8.559347067960132e-05,0.0003721371785743,0.0587947596594444,0.0042013718765312,0.0149,0.0097201335142866,-0.01380271,0.0065612950543017,0.0012,-0.0179312040800666,-0.018965510408175956,0.0043066436286909315
2011-04-30,0.0031409999999999,0.0309949999999999,0.018665,0.030328,-0.027621,0.010579,-1.1e-05,-0.004414,0.045,0.0326168,0.020412,0.000502,-0.007562,0.000502,0.007517,0.019785,-0.0092,0.0523198338091832,0.0124322890517214,0.0310186161028616,0.0151982728126562,-0.0343,0.0118788142981691,0.04892608,0.0137257846907397,0.0173,0.0497468655552,0.049177413859738284,0.04417332610481428
2011-05-31,-0.005253,-0.000785,0.011838,0.01398,0.023725,0.020996,-0.003155,-0.0355609999999999,0.045,-0.0276381999999999,0.0129489999999999,0.000482,-0.0106489999999999,0.000482,0.001889,0.037139,0.0126,-0.0048648187497891,-0.0084673977122105,-0.0262293085336599,0.0048901224332864,0.018,0.00958535271944,0.008390392,-0.0448425715037906,-0.0096,-0.013871470785,-0.02823456327427487,0.008908086680733396
2011-06-30,0.006661,0.000758,-0.005802,-0.02109,0.025441,-0.002489,0.0181,-0.028753,0.042,0.3599114,0.007039,0.000493,0.007731,0.000493,0.003865,-0.022726,0.026,-0.0127747595075511,0.0139917680308649,-0.0153820039264648,-0.0100435219283562,0.0252,-0.0012801365478984,-0.0268173,-0.0393084523511005,-0.0139,-0.0258520977378666,-0.013956873301123496,-0.009613367168099018
2011-07-31,-0.0400009999999999,0.020642,0.032028,0.048297,-0.0129089999999999,-0.015119,-0.042358,0.006686,0.044,-0.2451139999999999,0.034354,0.000477,-0.026059,0.000477,0.0069489999999999,0.0455579999999999,-0.0018,-0.0037916462611136,-0.0264961891044841,-0.0044414804329875,0.0123435914778491,-0.017,0.0178736737164422,0.0038633499999999,0.0253209662293166,0.0068,0.0171446085061,-0.03380880877528791,-0.009783095018389476
2011-08-31,-0.061433,0.012719,0.015099,0.024394,0.018772,-0.0537539999999999,-0.02939,0.019791,0.045,0.0194175,-0.006351,0.000558,-0.080225,0.000558,-0.0083,0.0997,0.021,-0.042057410448215,-0.0499661693740303,-0.0893648920220741,-0.0400629936290533,0.012,-0.0121379599832096,-0.0505673199999999,0.0142658350082779,-0.0231,0.0247254682545333,-0.10814613945995566,-0.008983525767764067
2011-09-30,-0.049762,-0.023107,0.03331,0.065414,0.0469529999999999,-0.088855,0.003254,-0.113185,0.052,0.1440917,0.044912,0.000529,-0.111415,0.000529,0.003573,0.1237079999999999,0.0210999999999999,-0.0635867385753904,-0.0079027469032598,-0.1457946029799958,-0.0359557544121302,0.0463,-0.0426684607485571,-0.1041481,-0.1391486845437802,-0.0333,-0.0962349611696,-0.09068340939897779,-0.032243980634923175
2011-10-31,0.07053,0.013311,0.0113199999999999,0.028109,-0.034096,0.092756,0.018528,0.034388,0.05,-0.187606,-0.0025069999999999,0.000482,0.0982049999999999,0.000482,0.0029049999999999,-0.044886,-0.022,0.0913996962684409,0.0354527058094149,0.1324561506285955,0.0595614114249616,-0.034,0.043978399171475,0.13312881,0.048913683002792,0.0168,-0.0197729455667666,0.10453239242555568,0.04425181443814985
2011-11-30,0.001477,-0.017451,0.021052,0.045579,0.0282089999999999,-0.030636,0.014095,0.003761,0.048,0.0108159,0.068703,0.000509,-0.0412479999999999,0.000509,-0.000374,0.031137,0.0083,-0.0074822959373834,0.0091930566903699,-0.0666449396817513,-0.0221081192889386,0.0269,-0.0147741364038973,-0.03527461,-0.0367092994799391,-0.008,0.0230033752252666,-0.03580012846010383,-0.008638986341931054
2011-12-31,0.0125259999999999,0.006743,0.016944,0.019337,0.019464,0.022633,0.0167189999999999,-0.024881,0.042,-0.1406045,0.025995,0.000434,0.00254,0.000434,0.0059819999999999,0.03399,0.0187999999999999,0.0047525016872631,0.0104884619270202,-0.0120520992101982,0.0247853676745053,0.0133,0.0107882623705408,0.04551321,-0.0213765315952059,-0.0021,0.0115290511541333,-0.006929551962811309,0.021883497778952377
2012-01-31,0.034179,0.016737,0.004213,0.007445,-0.0101459999999999,0.061188,-0.029918,0.009113,0.036,0.1140236,0.003217,0.000417,0.09599,0.000417,-0.001115,-0.002855,0.0013,0.0464551307141025,0.0284084620327411,0.1134246467751844,0.0290303780869818,-0.0097,0.0246904795787676,0.06470365,0.03532036520932,0.0232,-0.0078654199864633,0.06558617155917479,0.009834314771510089
2012-02-29,0.036476,-0.00068,-0.0133309999999999,-0.03177,-0.010618,0.022966,0.014873,0.014872,0.034,-0.0103922,-0.02186,0.000444,0.046862,0.000444,-0.011906,-0.023416,-0.0128,0.0462252779141925,0.0246782843803143,0.0599011933883715,0.0227838542588463,-0.0113999999999999,0.0240955489202139,-0.006641861,0.0237943192386664,0.0161,-0.0230962905078333,0.053817787978029274,0.023248771254364753
2012-03-31,0.009436,-0.007201,-0.008283,-0.020059,0.000557,0.0086439999999999,-4e-05,-0.044603,0.035,-0.0538934,-0.0031709999999999,0.000466,-0.036521,0.000466,-0.001318,-0.042183,-0.0074,0.0205329676790435,0.0087363972032763,-0.033378970036652,-0.0009344284989156,0.0,0.0047125033902903,0.04393216,-0.0283418107223597,0.0006,0.0004943124962133,-1.439424690741209e-05,0.015549591322565393
2012-04-30,-0.0261549999999999,0.0118,0.004036,0.007006,-0.009798,0.008197,-0.015523,-0.019138,0.03,0.0020942,-0.004729,0.000498,-0.02648,0.000498,-0.0007539999999999,0.04656,-0.0045,-0.0011559179000948,-0.0213063537627763,-0.0119531513188794,0.0102190455296005,-0.013,0.0092458241943647,0.02799454,-0.0079812976970678,-0.0003,0.0348949306896666,-0.03673320742984143,0.009121619257373759
2012-05-31,-0.037843,-0.0102659999999999,0.0432209999999999,0.0749669999999999,0.057981,-0.0136569999999999,0.007379,-0.0431039999999999,0.0279999999999999,0.0321839,0.032677,0.000487,-0.064413,0.000487,0.0056599999999999,0.084589,0.0441999999999999,-0.0697302310697079,-0.0263597493485019,-0.1121450436773598,-0.0120702267739575,0.0567999999999999,-0.0128055100471429,-0.03948893,-0.0876647811346592,-0.0139,0.1056383818816666,-0.11076176827910633,-0.04418383471123499
2012-06-30,0.033129,0.0047799999999999,-0.009404,-0.014154,-0.017217,0.047133,0.04886,0.037036,0.024,-0.071472,-0.022629,0.00047,0.021493,0.00047,-0.001595,-0.01509,-0.0139999999999999,0.0419880000000001,0.0202755730264503,0.0385957634078861,0.0203281192151054,-0.0162,0.0172051750999118,0.05883938,0.0450940754217589,-0.0039,-0.0652018751663999,0.06360070714132071,0.04270996743839173
2012-07-31,0.013696,0.011568,0.020301,0.03034,0.009588,0.036977,0.012655,0.065569,0.026,-0.0071958,-0.000856,0.000423,0.021088,0.000423,0.00357,0.037713,0.0126,0.0202257607573215,0.0050791665881715,0.0195078241812813,0.0191633877240926,0.0054,0.0264034094692682,0.02296376,0.0548266238602251,0.0141999999999999,0.0165492907744666,-0.010070798948996651,0.022590625675638742
2012-08-31,0.0127479999999999,0.008635,-0.001961,-0.005511,-0.011997,-0.0103279999999999,-0.009347,0.0005319999999999,0.025,-0.056007,0.004862,0.000392,-0.015267,0.000392,-0.010766,-0.013061,-0.005,0.0220175097806996,0.0177324144310797,-0.0033302801353289,0.0120606593308782,-0.011,0.0116131962240892,0.00458277,0.0287664196473534,0.0083,-0.0190528009369333,0.03178702248042842,0.007103498187307933
2012-09-30,0.009091,0.012191,-0.006729,-0.013023,-0.013732,-0.001922,0.00623,-0.0011409999999999,0.022,-0.0837599,-0.03766,0.000346,0.0415979999999999,0.000346,-0.003123,-0.022947,-0.0044,0.0251604049448259,0.0061378385165797,0.0603418966872781,0.0142475512021371,-0.0143,0.0127304793971458,-0.008919261,0.0137450054642017,0.0102,-0.0391993011675,0.029455759898895817,0.01745757345858112
2012-10-31,-0.0055879999999999,-0.001405,-0.006997,-0.008677,0.001063,0.0095599999999999,-0.018245,-0.037597,0.027,0.0380903999999999,0.004053,0.000338,-0.004779,0.000338,-0.002183,-0.001264,0.0009,-0.0194432598165749,-0.0049189148926898,-0.0060720530252552,0.0082485177597848,0.0027,0.0133303780634537,-0.003339866,-0.0384211271317083,-0.0018,-0.0129753238674666,0.007434977753669081,-0.008593485040733206
2012-11-30,0.019249,-0.000105,0.0077529999999999,0.015464,0.00388,0.016526,-0.00558,0.006882,0.027,0.0584637999999999,0.032711,0.00032,0.019195,0.00032,-0.001237,0.013579,0.0051,0.0112741027094289,0.0149586890054744,0.0126971485601665,0.0074177596215867,0.0069,0.0060306846233166,-0.00640772,0.0086765715359449,0.0064,-0.00423650134177,0.011295381765408674,0.001036310085411607
2012-12-31,0.005634,-0.003294,-0.004756,-0.009088,-0.012615,0.024975,-0.006971,-0.038664,0.027,-0.0120176,0.009676,0.00027,0.036785,0.00027,0.0,-0.021472,-0.0173,-0.0087925161752961,0.0041780306820993,0.0488950276243094,0.0158574325045353,-0.0138,0.0096906448005964,0.03196281,-0.025553556485732,0.0146,0.008772750707,0.049371408681698536,-0.00803384260378881
2013-01-31,0.075303,-0.009096,-0.019009,-0.035912,0.020346,0.055476,0.058796,0.0477109999999999,0.027,-0.0451462,0.043451,0.000259,0.036834,0.000259,-0.004572,-0.038782,0.0159,0.0465530517898589,0.0621415045951514,0.0137875563211355,0.01376108239842,0.0249,-0.0006152331733726,0.0428299,0.0270315170793784,0.0210999999999999,0.0064791024131333,0.059859535993725954,0.04665556875206267
2013-02-28,0.0471689999999999,-0.009475,0.008496,0.0104909999999999,0.047807,0.053005,0.035515,0.002717,0.0279999999999999,0.0629593,-0.00369,0.00024,0.031842,0.00024,-0.007751,0.012861,0.0346,0.0070183248015431,0.0372540698888512,-0.0125632492194777,0.0046318363625059,0.0464,0.0049248953459739,0.01294246,-0.0428280343755069,0.0024,0.0170689536794333,-0.013794127748846696,0.025797117060880614
2013-03-31,0.022682,-0.00254,0.017888,0.031128,0.0009329999999999,0.02196,0.04239,0.006407,0.0279999999999999,-0.0313436,0.04615,0.000273,-0.017698,0.000273,0.0027,-0.002514,-0.0029,0.0244635780875679,0.0199187890366623,-0.01722405252305,0.0103039617134075,-0.0002,-0.0002450379808871,0.0329206,-0.0093293307924103,0.012,0.0110774679747666,0.017457613216312673,0.05175072340975517
2013-04-30,0.008591,0.01391,0.011033,0.023384,-0.019013,0.0491669999999999,0.043904,-0.049866,0.024,0.031882,0.011495,0.000248,-0.014525,0.000248,0.000289,0.044778,-0.0108,0.0242423524574422,0.0085580521074719,0.0075366037772253,0.0185703201568114,-0.0220999999999999,0.0122242647058823,0.0580187099999999,-0.0237274299725015,0.0135,0.0591230189808666,0.04580596561248651,0.030457994226110063
2013-05-31,0.0245069999999999,-0.02973,-0.025241,-0.0451959999999999,0.011326,-0.054901,-0.033894,0.001151,0.027,-0.0306664,-0.036556,0.000283,-0.001738,0.000283,-0.006058,-0.06764,-0.0039,0.0100567057783724,0.0239001293770702,-0.0256553876792859,-0.0053121648575238,0.0226,-0.0191289082599351,-0.06561,-0.0182383788310432,0.0042,-0.0238728360077666,0.02024187127999677,-0.04713758008676472
2013-06-30,-0.0253469999999999,-0.011837,-0.023405,-0.036952,-0.0102259999999999,-0.027464,-0.002257,-0.047836,0.0289999999999999,-0.0677926,-0.051794,0.000243,-0.063826,0.000243,-0.004353,-0.033011,-0.0121999999999999,-0.0269935640042198,-0.0217731649981258,-0.0636580272693773,-0.0263600729537186,-0.0062,-0.0363193137285153,-0.0227541299999999,-0.0358086747386567,-0.0166,0.0036813867386166,-0.030618766628516925,-0.004512866776348545
2013-07-31,0.053201,0.012563,0.007525,0.00903,-0.0001409999999999,0.012577,0.03965,0.014159,0.0279999999999999,0.0969635,0.001768,0.00027,0.01149,0.00027,0.00136,-0.0210449999999999,0.013,0.0450646410074955,0.0440498375688984,0.0104476593779681,0.0188046571798188,0.0021,0.0093499839897535,0.005268052,0.0091377841540445,0.0088,0.0323887471042666,0.06579115492928955,0.032179841829079736
2013-08-31,-0.040256,-0.005245,-0.0104669999999999,-0.010668,-0.02281,-0.061509,-0.045699,0.01398,0.027,-0.0744359,-0.003593,0.000261,-0.035858,0.000261,-0.016301,-0.0076539999999999,-0.0250999999999999,-0.0177293271782664,-0.0365446821143407,-0.0171764644786041,-0.0070498364519209,-0.0204999999999999,-0.0127529979062243,-0.0623122299999999,0.0321292428534438,-0.0054,-0.00942413641207,-0.01717382912249832,-0.026859871999986407
2013-09-30,0.0042049999999999,0.020558,0.00774,0.015097,-0.031686,0.0115019999999999,0.00738,-0.068054,0.027,0.0329228,0.004892,0.00025,0.01887,0.00025,0.0,0.001535,-0.0250999999999999,0.0385303448981679,0.0049721649645673,0.0650295240485596,0.0107828293162008,-0.0412,0.0180269922879177,0.03546946,-0.0147349307090237,0.0121999999999999,-0.0160982377305333,0.05625688435983234,0.03338475980217459
2013-10-31,0.047689,0.009827,0.006531,0.010763,0.014783,0.036913,0.05753,-0.006664,0.022,0.0180049,0.017292,0.0002529999999999,0.057439,0.0002529999999999,0.002071,0.014086,0.0179,0.0434921773681742,0.0441464609041393,0.0485836688422027,0.0245845225805145,0.0108,0.020864240396452,0.04061425,-0.0060545688024956,0.016,0.0228979546916333,0.042764160792320594,0.03644822042198825
2013-11-30,-0.001574,-0.008186,-0.008886,-0.017355,-0.024779,-0.052721,-0.0252009999999999,-0.026859,0.021,0.000956,-0.00885,0.000254,-0.033346,0.000254,-0.001673,-0.026579,-0.0272,0.0323828462030126,0.0016837920725418,-0.0146225254551648,0.0046428465588603,-0.0177,-0.0059365530888628,-0.0440916199999999,-0.0077279874313409,0.0128,0.0347580118657,0.02644909639821824,0.00016271002679224544
2013-12-31,0.008585,-0.005971,-0.011162,-0.011207,-0.015538,-0.010329,0.005445,-6.8e-05,0.02,-0.2700573,-0.0201469999999999,0.000244,-0.024996,0.000244,-0.004634,-0.019723,-0.0169,0.0234078614584798,0.0112732411367346,-0.0144577850442834,0.0054866717141424,-0.0131,0.0018040435458785,0.008420949,0.0032775773152975,0.0118,0.0177570175856,0.018420973129742002,0.005428600174935738
2014-01-31,-0.030778,0.0105729999999999,0.019743,0.031248,0.022951,0.003968,-0.015051,0.009497,0.019,0.3424926,0.016101,0.000278,-0.059433,0.0003413583797065,0.001387,0.0597689999999999,0.0184,-0.0431713683006186,-0.0252470602808504,-0.0649352863939428,0.007392992303856,0.0109,0.0006520119225037,0.03377004,0.0044157712976101,-0.0029,-0.0498780611118666,-0.028720294693171056,-0.027027517775368604
2014-02-28,0.0331749999999999,0.014011,0.0014199999999999,0.001955,-0.015839,0.024502,0.021634,0.045269,0.017,-0.0487328999999999,0.000523,0.00024,0.015989,0.0003247526513958,-0.011079,0.008544,-0.0056,0.0530178756528958,0.0233639385553519,0.0331253500762025,0.0200456244236275,-0.0175,0.0186478016693039,0.04687368,0.077600731565877,0.0168,-0.01033215283614,0.04878881486232367,0.04014337452676098
2014-03-31,0.004269,-0.000679,0.000291,0.0010299999999999,0.002121,0.004284,0.02024,0.006941,0.016,-0.1439549,0.016464,0.000242,0.033701,0.0002780743162569,-0.0009,0.00794,0.0045,0.0005117035327415,0.0050543298133618,0.0306964898123864,0.002312523791397,0.0046,0.0038988729820286,0.003246917,0.0094426760668634,-0.0049,0.010020688268,0.008928599286335936,0.01133923818978877
2014-04-30,-0.001249,0.0113169999999999,0.0069679999999999,0.0128499999999999,-0.003892,0.019103,0.006082,0.012702,0.018,0.1921004999999999,0.00927,0.000252,-0.007677,0.0003313953065937,0.0014019999999999,0.021936,-0.0015,0.0166697405195284,0.0011283105798578,0.0033395884354823,0.0069310596925646,-0.0105,0.0072819952667031,0.02882125,0.0260589945853342,-0.0021,-0.0023553961601393,0.012398696219572791,0.015713894293221564
2014-05-31,0.0259989999999999,0.0059219999999999,0.0091349999999999,0.015562,0.018361,0.038822,0.027235,-0.022723,0.015,0.0464357,0.01114,0.000271,0.04156,0.0003467545885962,0.001,0.03015,0.0126,0.0183423571767464,0.0235635840757921,0.0349062906914932,0.0100610072322329,0.0092,0.0240978372191096,0.02758794,-0.0207685252523259,0.0113999999999999,-0.00431873804715,0.018195147281927948,0.015286034333124698
2014-06-30,-0.001931,0.007277,-0.005313,-0.0052829999999999,-0.016503,-0.006105,0.001389,-0.013624,0.019,-0.0868314,-0.0115009999999999,0.000252,0.006993,0.00031669778108,-0.003596,-0.002005,-0.0118999999999999,0.0117996970255471,-0.0022427603441768,0.0265684604382994,0.0084578043315906,-0.0187999999999999,0.0073827872227778,0.01178315,0.0060137022010293,0.0093999999999999,0.0227415469815666,0.024002999999999997,0.016951686050890258
2014-07-31,-0.003313,-0.009014,0.0101289999999999,0.022391,0.007121,0.016233,-0.004327,-0.037624,0.016,0.0625164,0.008884,0.000274,0.033235,0.0003364600051618,-0.001704,0.006619,0.0036,-0.0110614450235686,-0.0038952610026563,0.0193371877646668,-0.013228296891489,0.0118,-0.0030657829425676,-0.001904193,-0.0327331818305613,-0.0031,-0.0074990438313,-0.007521462339465712,-0.010824287092843998
2014-08-31,0.040585,0.005483,0.033275,0.063999,0.0257249999999999,0.033677,0.030007,0.007509,0.015,-0.0098888,0.058671,0.000273,0.041458,0.0003331389231848,-0.005422,0.04371,0.0222,0.0344162211315133,0.0310045545884833,0.0225347545900378,0.0151974258187379,0.0187,0.008815604498594,0.03381266,-0.0093518303361847,0.0089,0.0322341746190333,0.004988679534901452,0.030207860268646858
2014-09-30,-0.005247,-0.027906,-0.00614,-0.0146419999999999,0.022513,-0.040706,-0.001612,-0.041155,0.012,0.0054931,-0.010416,0.000277,-0.053057,0.0003349655332811,0.000101,-0.019668,-0.0042,-0.0191860873064942,0.0039414944765243,-0.0741210511712712,-0.0209763715497565,0.0235,-0.0105675714907823,-0.05634156,-0.0565632862715185,-0.0001,0.0377652080867666,-0.026534922178131137,-0.022925887424552482
2014-10-31,0.020628,0.000139,0.013304,0.017363,0.023021,0.081525,0.032289,0.005916,0.013,0.0496647999999999,0.018777,0.000307,0.0261589999999999,0.0003515693969815,0.006865,0.02931,0.0135,0.0197368687461785,0.0029855267545528,0.0117894125985225,0.0113830500155738,0.0166,0.0088025586103694,0.08723937,0.0018276544911045,-0.0081,0.0067508812227333,-0.013733707879859502,0.030471473650588887
2014-11-30,0.044264,-0.0036509999999999,0.030794,0.057162,0.028217,0.032652,0.036745,-0.017898,0.01,-0.0004730999999999,0.054006,0.000258,0.012922,0.0003514033733496,0.005214,0.02949,0.0179,0.0245463414117588,0.0357554981447261,-0.0105754561973018,-0.0071486565938425,0.0235,-0.0047409906634477,0.0229791,-0.0373076779343578,0.0153,0.0831491294463333,0.020454531548601107,0.02098093232060161
2014-12-31,-0.0134729999999999,-0.006885,0.017779,0.033795,0.005659,0.0072929999999999,-0.019502,-0.073771,0.005,-0.156213,0.016732,0.0002819999999999,-0.042583,0.0002965990142946,0.003291,0.031965,-0.0026,-0.0152329482838143,-0.0026224614686533,-0.0460871424498716,-0.0147480425239924,0.0029,-0.0249576246420013,0.0109139499999999,-0.0679766521635446,0.0001,0.0442069646670333,-0.01374376419046408,-0.0033976304147492753
2015-01-31,0.018554,-0.001582,0.04568,0.089667,0.0476269999999999,0.088632,0.042959,0.0027,0.003,0.1767181,0.048241,0.000297,0.043495,0.0003489129824996,0.001889,0.092926,0.0365,-0.0132887706673576,0.0087104714220067,0.005994705133729,0.0068976702474765,0.0444,0.0021580146265436,0.05594709,-0.0516553232785676,0.0083,0.1278495721743333,-0.02079805941521029,0.014742292541354951
2015-02-28,0.029793,-0.008097,-0.0417769999999999,-0.075972,-0.0300919999999999,-0.0326189999999999,-0.020849,-0.00214,0.0,0.0588796,-0.055539,0.0002659999999999,0.002706,0.000369415170033,-0.017563,-0.05798,-0.036,0.0541761097523114,0.0220434884766835,0.0309634390287378,0.0238580267384238,-0.0305,0.0143258763009928,-0.02580563,0.0228450372522941,0.0103,-0.0257041835294999,0.06676993728224456,0.030075702897177647
2015-03-31,0.023938,-0.009639,0.019954,0.033998,0.045071,0.038331,0.013009,-0.013208,0.0,-0.0506529,0.041326,0.000289,0.025606,0.0003507392757913,0.005959,0.012034,0.031,-0.0190511566661075,0.0233023568039847,-0.0142207067129324,-0.0053119129364513,0.0447,0.0059560666371814,0.0115022099999999,-0.0428065772130868,0.0062,0.0569376688887666,-0.012111523795759083,-0.005245482157540837
2015-04-30,-0.009319,0.0106349999999999,-0.021092,-0.037607,-0.033678,-0.0467,0.004346,0.023482,-0.001,0.0739862,-0.009232,0.000291,0.042667,0.0003766354877361,-0.003414,-0.034176,-0.0237,0.0167724332661081,-0.0101753689317996,0.0769135204000848,0.0119923710285156,-0.033,0.019755547087962,-0.04710236,0.0499936209019265,0.0002,-0.0675016519984,0.03194417305802144,0.011068508255149823
2015-05-31,0.007584,-0.017879,0.004126,0.005881,0.006937,-0.010036,-0.0032719999999999,-0.022967,0.001,-0.0050783999999999,0.001936,0.0003,-0.035864,0.0003747267238547,0.000806,-0.017819,-0.0109,0.0083910928337753,0.0074941365088587,-0.0400464162031455,0.0029602662400942,0.0081,0.0033629386910407,-0.0011406209,-0.0262699604993581,0.0081999999999999,0.0122970923723666,0.013279211696667792,-0.004087184127764876
2015-06-30,-0.051452,-0.00438,-0.017346,-0.0321479999999999,-0.037138,-0.066539,-0.056171,-0.012096,0.0,-0.1240568,-0.0279349999999999,0.000297,-0.05327,0.0003283231388753,-0.002315,-0.041425,-0.034,-0.0240652759637552,-0.0405611792505323,-0.0259694662604297,-0.015252621544328,-0.031,-0.0113727512318092,-0.0431853899999999,0.0231247250271919,-0.0128,-0.0594516132637333,-0.027099637344331295,-0.021317675494664012
2015-07-31,0.024465,0.002241,0.015965,0.031441,0.014072,0.041313,0.031067,-0.10047,0.001,0.1352926,0.030459,0.0003109999999999,-0.062811,0.0003726519350653,-0.000605,0.037332,0.0101,0.0298512832736568,0.0227156838815689,-0.0693193859135575,-0.0061527291682179,0.0096,0.0006954304424675,0.04854727,-0.0922724292095861,0.0087,0.0857746737342333,0.004238159262515806,0.03251295992263392
2015-08-31,-0.049197,0.001164,0.0026119999999999,0.001673,0.015221,-0.041805,-0.030554,0.008826,0.0,0.0100424,-0.006632,0.000318,-0.073563,0.0003763865208061,-0.009692,0.000146,0.0158,-0.0634295977755471,-0.0342152882510543,-0.0904478201649043,-0.0176171432317763,0.0151,-0.014912407702331,-0.05676493,-0.0216087836728259,-0.0203,-0.0192570423725,-0.07091423551641873,-0.043003276135399116
2015-09-30,-0.023264,0.005096,0.012306,0.017732,0.021678,0.026698,-0.028034,-0.020513,-0.001,-0.2227132,-0.002497,0.000316,-0.015993,0.0002926950195902,0.004486,0.015148,0.0204999999999999,-0.0136513906180162,-0.0113043593850066,-0.0300818491506434,-0.0259414624845075,0.0196,-0.0164609053497941,0.01874834,-0.0271464332921939,-0.0143,0.0289456512515,-0.052615626205813615,-0.011942963122340444
2015-10-31,0.057304,0.002112,-0.011027,-0.021012,-0.018756,0.0357699999999999,0.035968,-0.0247,-0.001,0.2740193,-0.010535,0.000309,0.0496319999999999,0.0003727349275257,-0.000913,-0.005219,-0.0171,0.0867340426609579,0.035101882681058,0.0713317579393375,0.027258757548767,-0.0202,0.0262701733413028,0.0614279299999999,0.0049617397814748,0.0051,-0.00825059877042,0.08204876781075532,0.05987187050419274
2015-11-30,0.022225,-0.016556,0.0092179999999999,0.016947,0.024529,0.0050649999999999,-0.003966,-0.0471889999999999,0.001,0.0127175,0.009997,0.000315,-0.012673,0.0003774653725803,0.0007109999999999,-0.008728,0.009,-0.0006742581296266,0.0218422643285518,-0.0390076871244104,-0.0224479295691445,0.0250999999999999,-0.0014560703573196,-0.002581008,-0.0608262271618528,0.0021,0.0413679050891333,-0.017507442353297376,-0.00991705562407963
2015-12-31,0.002493,0.0053149999999999,-0.010132,-0.019863,0.020429,0.029951,0.012312,-0.011059,0.002,-0.2344128999999999,-0.033972,0.000337,-0.0011899999999999,0.000289123132934,-0.001421,8.099999999999999e-05,0.0266999999999999,-0.0117611503329101,0.0054086740456633,-0.0222917358304809,-0.0257899764127955,0.0192999999999999,-0.0162151127183645,0.0119422199999999,-0.023479588260561,-0.0087,-0.0050856506466333,-0.01401190015211573,0.008057838625077363
2016-01-31,-0.026046,0.008666,0.036172,0.0619529999999999,0.0526079999999999,-0.008145,0.0434989999999999,0.018517,0.003,0.2998561,0.053102,0.000297,-0.031313,0.0003756396159266,0.007218,0.052272,0.0481,-0.042541490003008,-0.0174397469934566,-0.0648726812890232,-0.0158175924443731,0.0471,-0.0009486259745649,-0.03478844,-0.0300313066857328,-0.0149,0.0273503171207333,-0.08426505715348254,-0.016305682983578373
2016-02-29,0.014673,0.022268,0.013933,0.016712,0.0219,0.027329,0.029581,0.005653,0.003,0.0061988,-0.0007689999999999,0.000317,0.020488,0.0003779632998517,-0.005955,0.031251,0.0405,-0.0020715418001907,0.022226874442486,-0.0016371325451307,0.0046456780961867,0.0183,0.0093469036527107,-0.002874025,-0.0085549459447471,-0.0113,0.0155748000303666,-0.011536081395295938,0.021641352988402307
2016-03-31,0.0321749999999999,0.027023,-0.001317,0.002261,-0.027037,0.059148,0.029363,0.003523,0.005,-0.0917492,0.010113,0.000344,0.094518,0.000343350863353,-0.001929,-0.000239,-0.0042,0.0630596277709725,0.0150690403162856,0.1323266590998877,0.0442081191565144,-0.0292,0.0299270931326434,0.0998887899999999,0.0344936559465776,0.0025,-0.0538136766924666,0.06332292586143606,0.057234359372661636
2016-04-30,-0.00029,0.013301,-0.0120449999999999,-0.0199659999999999,-0.017108,-0.016212,-0.012208,0.067909,0.003,0.1104651,-0.025512,0.000315,-0.0103119999999999,0.0003811997606666,-0.002747,-0.005325,-0.0058,-0.0088968269161074,0.0052973802523383,0.005435535052694,0.0399527118036378,-0.0163,0.0170120454415712,-0.01664925,0.0678356385876026,0.0031,-0.0495771704647,0.03388062124573832,0.010746162736665621
2016-05-31,0.013307,-0.013415,0.017484,0.034285,0.007736,0.007958,0.00804,0.005744,0.003,-0.0091623,0.020461,0.0003769999999999,-0.029727,0.0003777143365568,0.002142,0.008548,-0.0069999999999999,0.0132009426119352,0.009570880054976,-0.0373032593877804,0.0072213939619829,0.0081999999999999,0.0015717092337916,0.0233868099999999,-0.0021469083451046,0.0034,0.0103312133897666,-0.0015472324638264867,-0.001236946554340257
2016-06-30,0.081727,0.029202,0.05627,0.102548,0.098239,0.134995,0.136715,0.139176,0.005,-0.0277410999999999,0.115756,0.000342,0.138809,0.000367257262676,0.0111969999999999,0.064237,0.1206,-0.0070089436366429,0.078291015438741,0.0399673875729489,0.0108330635089504,0.0948,0.0208765342150982,0.06684208,0.0328276261138507,-0.0014,0.0694076396026333,-0.03864219690996629,0.04290198603856599
2016-07-31,0.0454,0.007538,0.020249,0.0358449999999999,0.009292,0.05378,0.014137,-0.048246,0.006,0.0267209999999999,0.013711,0.00034,0.055998,0.0003770504311046,-0.000503,0.02427,0.0144,0.0486031034414202,0.0437858009447489,0.0503230811127524,0.0252594585689966,0.0075,0.0157283632071587,0.0387193,-0.0430787293417996,0.0112,-0.0098958335677333,0.0568555599179863,0.019635022797006796
2016-08-31,0.007457,-0.004857,0.026578,0.055625,0.01473,-0.019064,-0.027984,-0.0111169999999999,0.006,-0.5549184,0.102283,0.000269,0.031982,0.0001680113267537,-0.010172,-0.0094399999999999,0.0088,-0.0056523351728109,0.0126321521532608,0.0248516990768021,0.0222805420170317,0.0137,0.0122148956869527,-0.03281649,-0.0098704896477811,0.0043,-0.0183841559341666,0.019539715103007893,-0.028433704460235187
2016-09-30,0.018566,0.005506,-0.022902,-0.04677,0.010725,0.00404,0.022091,0.044917,0.01,-0.1952428,-0.008444,0.000225,0.026554,0.0001352327046149,-0.000204,-0.017379,0.0138,0.0064096223584217,0.0159174462205742,0.0128592383610093,0.0064616405581459,0.011,0.0017620674925247,-0.01409683,0.0191865603061053,0.0007,0.0117549237791,0.003530410825243635,0.001899757179896877
2016-10-31,0.040153,-0.027755,-0.039009,-0.06496,0.060906,0.000712,0.027841,0.055499,0.009,0.2309112999999999,-0.006477,0.000184,0.063304,0.0001664309029347,-0.0066149999999999,-0.042941,0.0344,-0.0320399759623213,0.0424511324271079,0.0023842804014673,0.0031319949332826,0.0639,-0.0023452907627526,-0.04890028,0.0048021512458407,-0.0024,-0.0360909578335333,0.0036269194886406897,-0.03339555778123815
2016-11-30,-0.0075349999999999,-0.0397319999999999,-0.012918,-0.025516,-0.039426,-0.0479739999999999,-0.060414,-0.008556,0.012,0.0125063,-0.05942,0.000193,-0.066601,0.0001685104022526,-0.000512,-0.077054,-0.0616,0.0036045040091161,-0.0151489241713925,-0.0460317500270582,-0.0039438520017642,-0.0259,-0.0207298178126836,-0.02041225,0.0146893822857411,0.003,-0.0506754776498,0.01858661341753498,-0.0144247597934275
2016-12-31,0.036619,-0.004594,0.018009,0.031636,0.010859,0.043301,0.058212,0.030642,0.016,-0.2005929,0.037014,0.000185,0.015502,0.0001347334464207,0.003075,-0.005553,0.0065,0.0181369728765132,0.0351248263846155,0.0022084257908248,0.019667092135768,0.0106,0.0081564733482459,0.0420087,0.001650856918005,0.0092,-0.0415969986519333,0.0310399125463956,0.022796197599001866
2017-01-31,0.005803,0.011274,-0.0174089999999999,-0.031431,-0.017792,-0.012258,-0.009474,-0.016569,0.018,0.2843016,-8.5e-05,0.000152,0.035842,0.0001730019584746,-0.005825,0.004037,-0.0068,0.020116715981733,0.0076492223584871,0.0547230412805392,0.013429048300293,-0.0158,0.0112022079714262,0.00243977,0.0170627368291313,0.0060999999999999,0.0031821623839633,0.02326447067874793,0.01849579060666451
2017-02-28,0.040407,0.004726,0.030792,0.05134,0.0156509999999999,0.044447,0.030512,0.014435,0.023,-0.0230990999999999,0.011789,0.000136,0.043277,0.0001690094750119,-0.005448,0.016081,0.0158,0.0434320312036977,0.0331811878035235,0.0306120920759012,0.015603861892798,0.0126,0.0145567418586605,0.04160903,-0.0038837699896809,0.0091,0.0383355607105333,0.020005816677405308,0.033366253649492084
2017-03-31,0.000579,0.001537,0.0033589999999999,0.007292,-0.004537,-0.0239869999999999,0.0029249999999999,-0.036316,0.023,-0.1428571,0.006676,0.000147,0.015339,0.0001448844908875,-0.00031,-0.005943,-0.0033,0.0153359742477106,-0.0004555332085098,0.0252440117222505,-0.0021015008356363,-0.0029,0.0018198602136356,-0.01387271,-0.0240414864517339,0.0032,-0.0184079015509333,0.0049095469831268446,0.004783982623695282
2017-04-30,-0.017165,0.0112719999999999,0.002376,0.002349,-0.027136,-0.020385,-0.034585,-0.046088,0.027,0.2114943,0.026179,0.000115,-0.010086,0.0001754971716176,0.001344,0.015685,-0.0226,0.0206392672819175,-0.0147879359050061,0.0218916026675297,0.0113338639604683,-0.0308,0.0092407329401855,0.0050728,-0.0175317893112238,0.0033,-0.0254672060875,0.007945537169951056,0.010935781431894886
2017-05-31,0.025908,0.015475,0.004526,0.008083,0.0084809999999999,0.014131,0.0440819999999999,-0.00869,0.0289999999999999,-0.009962,-0.019362,0.000106,0.034538,0.0001737505296075,-0.002065,0.020771,0.0177,0.0336597556309881,0.028864438782824,0.0295644736233762,0.0089277662548472,0.0052,0.0051128211816877,-0.0014684249999999,-0.009940813626744,0.0072,0.00466363968173,0.010094171231612048,0.029848111559420465
2017-06-30,-0.005259,-0.000878,-0.019642,-0.033296,-0.010065,-0.000306,-0.028533,-0.010976,0.026,-0.070436,-0.031718,0.000104,0.001613,0.0001615230959723,-0.0052759999999999,0.004886,-0.0069999999999999,-0.0106540034545579,-0.0086452450648135,0.0100680559266586,0.0010563265836773,-0.0059,-0.0001816719005476,0.02028228,0.0031720397181991,-0.0058,-0.0116346167316333,0.011513081254681978,-0.005366824420336536
2017-07-31,0.009804,0.016813,0.002958,0.002179,-0.010194,0.004644,0.01948,0.008501,0.026,0.0484536,-0.0148449999999999,0.000104,0.045798,0.0001693421886632,-0.000208,-0.006901,0.0019,0.0152607914194,0.0080188521125483,0.059608360953467,0.011534278153866,-0.0121999999999999,0.0079431004049423,0.01193183,0.0272459529530944,0.0123,-0.0022462377925033,0.02986456365897827,0.019344222554635637
2017-08-31,0.024397,0.009907,0.018862,0.034261,0.030789,0.0249889999999999,0.026357,0.02708,0.0289999999999999,0.0368732,0.05117,9.3e-05,0.046152,0.0001755803442098,-0.007906,0.035687,0.0333,0.0122146461808649,0.0233742481484513,0.0223069306099843,-0.0002567826735891,0.0265,0.0099407674478495,0.0062257929999999,-0.0015027921091651,0.0049,-0.0043018135492366,-0.002768155374548331,0.008780889709286477
2017-09-30,-0.015797,-0.009008,-0.025817,-0.0401729999999999,-0.04216,-0.039598,-0.043297,-0.038837,0.03,-0.0559507,-0.04338,7.6e-05,-0.041021,0.0001657654531084,-0.0087029999999999,-0.022161,-0.0482,0.0190352603890187,-0.012867889013258,-0.0039770080504657,0.0089816754557057,-0.0407,0.0027029783761729,-0.0057452,0.0062897411997818,-0.0025,0.0206890277102666,0.03405104335502185,0.0024513144810789367
2017-10-31,0.028264,-0.003784,0.002787,0.00529,0.010293,0.004696,0.004795,0.030832,0.03,0.0527372999999999,0.009576,5.6e-05,0.044632,0.0001744990945775,0.000317,-0.0007059999999999,0.0065,0.0309370450490442,0.0287596367969535,0.0350562362602835,0.0038582088364915,0.0116,0.0041198311377852,-0.001459224,0.0250787954912585,0.0116999999999999,0.0234819167836,0.025017434624329704,0.014493872210284087
2017-11-30,0.003819,0.011105,0.002717,0.005839,-0.020514,0.010366,0.007419,-0.022002,0.031,1.2056298,0.0056159999999999,0.000161,-0.015451,0.0003844361063083,-0.002432,0.008013,-0.0081,0.0270742534083665,0.0035086119362846,0.0020064572891329,-0.0026784794478212,-0.0192999999999999,-0.0012916624455475,0.02627416,-0.006199318971548,0.0,-0.0145016405092,0.026373871417712635,0.02859255357104118
2017-12-31,0.012399,0.0034649999999999,0.014071,0.025056,0.003848,0.0130929999999999,-0.013681,0.028712,0.03,-0.1081549,0.021998,0.000202,0.035803,0.0003429357661934,0.002544,0.018095,0.0040999999999999,0.0124179193620095,0.012180386045109,0.0358969061515417,0.0029161005299833,0.0013,0.0016230061116324,-0.001056613,0.0205268232295592,0.0081,0.0423046166973,0.018177694996911464,0.002130030953138684
2018-01-31,0.003812,0.011917,-0.019958,-0.030472,-0.059672,-0.046292,-0.043627,-0.027596,0.03,0.1321853,-0.029373,0.000228,0.032834,0.0003881702081753,-0.008353,-0.032766,-0.0374,0.0517317581726193,-0.0078905558938621,0.0833473965205118,0.0064094438282362,-0.0501,-0.0004557308149986,-0.03237019,0.0192674189798945,0.0246,0.0162257703001666,0.05316933601020479,0.03038454907856214
2018-02-28,-0.013682,-0.0088729999999999,0.002479,0.006431,0.025407,-0.039423,-0.028498,0.011149,0.027,-0.0119966,0.003562,0.000228,-0.018709,0.0003835233025315,-0.0107689999999999,-0.031185,0.0229,-0.0319216449103528,-0.0077188121932078,-0.0461199678537415,-0.0093207062954128,0.0308,-0.0090174523164213,-0.07019532,-0.0059229267502156,-0.0231,-0.0549661146709,-0.036492501996509774,-0.03987146711710754
2018-03-31,-0.039152,0.010644,0.020459,0.039881,-0.011755,0.006625,-0.009371,-0.022663,0.025,-0.0383781,0.026663,0.0002819999999999,-0.035723,0.0003688342000123,0.0006469999999999,0.031349,-0.0073,-0.0158821759727826,-0.0358673129887873,-0.0185928174827043,-0.0061742619889546,-0.016,-0.0009201748332183,0.03741536,-0.0134129332324701,-0.0019,-0.0143882521938,-0.021837915164054866,-0.00015217453368610023
2018-04-30,0.031258,-0.016017,-0.010041,-0.021653,0.013352,0.040221,0.043215,0.044625,0.024,0.0162345,-0.028884,0.000285,0.0152109999999999,0.0003748097144218,0.0012929999999999,-0.019816,0.0022,-0.004063753853702,0.0334774891227243,-0.0044247369266987,0.006652381104679,0.0181,-0.0067029958809834,0.0055032969999999,0.0265752159466885,-0.001,0.00863596979886,0.02102853233366342,0.0013665467312917734
2018-05-31,0.041996,-0.007585,0.017501,0.028162,0.04232,0.0536289999999999,0.0046949999999999,0.050177,0.024,-0.0008874999999999,0.0243739999999999,0.0003509999999999,-0.0009229999999999,0.0003744777516991,0.0023669999999999,0.021821,0.0272,0.0279550812585471,0.0342703551933067,-0.0354336615986552,-0.0001509134233519,0.039,-0.0048679974243399,0.03525194,0.0173803392841367,0.0013,-0.0212108448573,-0.023457839361404553,0.0022992185293286838
2018-06-30,0.007023,-0.004446,-0.005623,-0.009544,0.008225,0.023392,0.023998,-0.027719,0.024,-0.0230957,-0.007357,0.000356,-0.03367,0.0003658462955653,-0.001717,0.001928,0.0034,0.0007050311112257,0.0078810501708566,-0.0415477829039733,0.0034477006061282,0.0087,-0.0036494461124341,0.04060677,-0.0378831466201302,-0.0038,-0.0008292028076156,-0.01987600220013863,0.007204976412391595
2018-07-31,0.036497,-0.001669,-0.003549,-0.005954,0.005503,0.013964,0.032505,-0.016348,0.025,0.0236417,0.004122,0.000361,0.028072,0.0003744777516991,-0.00344,-0.015207,0.0048,0.0354776812253556,0.0329184572433469,0.021968201270059,0.0111784031983532,0.0074,0.0106767112612027,0.0077207349999999,-0.0261159424830433,0.0019,-0.00281680253575,0.027707796430550102,0.032016056526134706
2018-08-31,0.025497,0.001049,0.001559,0.000747,0.015574,0.023336,0.006309,-0.004971,0.027,0.5638463,-0.007325,0.000503,-0.014164,0.0005849477577832,-0.008738,0.015998,0.0103,0.0318340617567902,0.0234763212754354,-0.0270403383711066,0.0072420083459252,0.0136,-0.0064257441011669,0.02675384,-0.0213291169180146,-0.0002,0.027444959803,-0.00906660667051018,0.015956301366679693
2018-09-30,-0.0008309999999999,-0.00862,-0.015377,-0.027691,-0.009249,-0.026532,-0.002963,0.01269,0.024,-0.0110764,-0.012038,0.000453,-0.011286,0.0005784892058489,-0.002177,-0.030506,-0.0118999999999999,0.0022596439994018,0.0031373283950435,-0.0053058837870951,0.0058063613468892,-0.0033,0.0071916390728477,-0.02357449,0.0104408371749001,-0.0004,-0.0147431271079333,0.018455217126693624,0.012631500294686626
2018-10-31,-0.0525049999999999,-0.011171,0.009278,0.011877,0.014341,-0.014964,-0.003132,0.0005059999999999,0.024,0.0054566,0.030462,0.00052,-0.066123,0.0005816357371524,0.0035989999999999,-0.032022,0.0092,-0.0737168461247376,-0.0442209099629047,-0.0870835003728529,-0.0163757061491974,0.0214,-0.0077053475111728,-0.02623568,-0.0144446140420628,-0.0279,-0.0051502300921266,-0.07227650117734852,-0.045398691091329435
2018-11-30,0.0113599999999999,0.0031269999999999,-0.011772,-0.031691,0.010217,0.037723,0.035901,-0.005631,0.023,0.0,-0.0368929999999999,0.000552,0.041269,0.0005816357371524,-0.0004349999999999,0.019122,0.0046,0.0050373939807526,0.0117912501574668,0.0412105602060526,-0.0090744814582023,0.0052,-0.0024072060879016,0.0448930299999999,-0.0229598472076376,-0.0075,-0.0253351288336333,0.0043253598417372086,0.029366094720076452
2018-12-31,-0.075458,0.020218,0.021855,0.046659,0.0196469999999999,-0.053613,-0.0492849999999999,-0.068292,0.021,-0.0005713,0.0271119999999999,0.00052,-0.02508,0.0005813045284566,0.001087,0.055937,0.0220999999999999,-0.0722573963909407,-0.058932154216491,-0.0264919331047548,-0.0219147670961348,0.0085,0.0113645208998209,-0.07726951,-0.0383888484884246,-0.0136,-0.00419451576741,-0.07614540868673758,-0.05502789643226025
2019-01-31,0.046922,0.0152249999999999,0.010616,0.0210349999999999,-0.024033,0.0772959999999999,0.023777,0.0242499999999999,0.018,0.0051443,0.005653,0.000536,0.056395,0.0005842853633044,-0.0016289999999999,0.006639,-0.0171,0.0755142623280564,0.0205268812807162,0.0875579140178861,0.0459302372710987,-0.0285,0.0236024526026834,0.11419114,0.0447254361695568,0.0154,-0.0602613440655333,0.08678996547789164,0.05184943527280628
2019-02-28,0.018889,-0.005756,-0.008808,-0.016589,-0.011517,-0.01176,0.011514,-0.000841,0.019,0.0022747,-0.00895,0.000544,-0.008675,0.0005856101474384,-0.0107689999999999,-0.012633,-0.0167,0.0457341729551115,0.0153345482996774,0.0022477058539425,0.0168801878676556,-0.0083,0.0098749342088773,0.004967834,0.0031840455113404,0.009,-0.0045001026373333,0.009400482394264165,0.030881279356641755
2019-03-31,0.034422,0.012519,0.032043,0.055192,0.035677,0.058348,0.039298,0.019189,0.019,-0.0019858,0.06471,0.000555,0.0298669999999999,0.0005844509623764,0.005168,0.05375,0.0335,0.030116783157656,0.0323999310845319,0.0083919741836102,0.0098014557372052,0.0276,0.0158091976273795,0.0422123799999999,0.0018763230506183,0.0093999999999999,0.05829180006,-0.00533479354316202,0.021675285498277796
2019-04-30,0.031569,-0.0029609999999999,-0.015202,-0.025363,-0.000829,-0.016466,-0.003506,-0.0079569999999999,0.021,0.0103752,-0.014843,0.000575,0.017412,0.0005904951221864,-0.001969,-0.018445,-0.0034,0.0374180384580014,0.0425945751774194,0.0210534699729199,0.0139934033255089,0.0022,0.0058881016369409,-0.0005884739,-0.0121659830412828,0.0116999999999999,-0.0027869381418233,0.018154652021413975,0.010406922756747594
2019-05-31,-0.026808,0.013542,0.027124,0.044627,0.0481479999999999,0.030661,0.018808,-0.001964,0.02,-0.0043607,0.044702,0.000538,-0.041857,0.0005879284732466,0.002631,0.066952,0.0483,-0.061783007839846,-0.0278057953966943,-0.0725627891440835,-0.0127135360452567,0.0426,0.0061936800174879,0.002003797,-0.0203920145854063,-0.0121,0.0575431085508333,-0.08010283001075735,-0.008886433447490405
2019-06-30,0.060269,0.022172,0.001587,0.001539,-0.002401,0.011693,0.038142,0.021436,0.02,-0.0025431,-0.00958,0.000496,0.05765,0.000586438127724,0.000328,0.013246,0.0123,0.0693235858607488,0.0521355415814295,0.0624126567864598,0.0245180454925852,-0.0056,0.0181528508666055,0.01627122,0.0189110689998649,0.0182,-0.0037099561697866,0.06910578763281205,0.048227986045787485
2019-07-31,0.044529,-0.002779,0.020616,0.031889,0.043392,0.043575,0.035899,0.03239,0.021,0.0029744999999999,0.038367,0.000538,0.027489,0.000588176861793,0.002623,0.001621,0.0365,0.0167262469538909,0.0473185910704403,-0.0122282939662382,0.0051218273738122,0.0401,0.0086775096021622,0.01575687,-0.0067094731796209,0.0056999999999999,0.0265999952696999,-0.003151409204188882,0.004825309434792091
2019-08-31,-0.01659,0.020335,0.035275,0.0655579999999999,0.015432,0.023388,0.019787,-0.0193419999999999,0.017,0.0031069,0.050572,0.000546,-0.044709,0.0005899983570758,-0.008066,0.108171,0.0259,-0.0149079048038296,-0.0146976116790217,-0.0487562782056867,0.0039023318812463,0.0148,0.0067459571267394,0.03395065,-0.0357631182910462,-0.0029,0.1016807847523333,-0.041008666733268306,0.017548932142540608
2019-09-30,0.0109769999999999,-0.010172,0.005072,0.009452,-0.011591,0.014273,0.019083,0.0015379999999999,0.017,-0.0002816,-0.004565,0.000489,0.009136,0.0005898327681028,0.001099,-0.02564,-0.0218,0.0150329260077946,0.0112273941198977,0.0190892220213056,0.0031724500065635,-0.0128,0.0028250566178702,0.02112928,0.0342296155037251,-0.0046,-0.0576115348092,0.04854095602808073,0.01065841780415866
2019-10-31,-0.025837,0.006659,-0.018162,-0.0308179999999999,-0.0443499999999999,-0.025971,-0.039863,-0.0308029999999999,0.015,0.0007041,-0.058966,0.000521,-0.009848,0.0005902467399703,-0.003293,-0.00895,-0.0412999999999999,0.0350514660012477,-0.0246803186696281,0.0421674104067075,0.0023191060900162,-0.0452,0.007869249394673,0.01143661,0.0170646074681001,0.0018,-0.0393917399462333,0.03921766654760872,0.008828755476783856
2019-11-30,0.028248,-0.0075829999999999,-0.007902,-0.012861,0.000868,-0.011323,-0.010033,-0.025228,0.015,0.0023923,-0.019594,0.000523,-0.000921,0.0005916542302273,-0.003634,-0.004952,-0.0072,0.0393523750329602,0.0263209007638816,-0.0013771190750316,0.0027344203319019,0.0008,0.0030954030954031,-0.0135104099999999,-0.0173526001706223,0.0034999999999999,-0.00173408235078,0.01933697728770345,0.0060091949399962985
2019-12-31,0.004254,0.0058309999999999,-0.0132939999999999,-0.02352,-0.021277,-0.018859,0.006788,0.024199,0.013,-0.0035098,-0.019012,0.000523,0.048359,0.0005895843840781,-0.000111,-0.028906,-0.0179,0.0365595465421726,0.0137537904508704,0.0746054928513084,0.0209043103385919,-0.0231,0.0087739498894621,0.0077428239999999,0.0447755740723099,0.0144999999999999,-0.0288468341800333,0.03300359963166555,0.01645588471905124
2020-01-31,-0.00104,0.012765,0.035376,0.062779,0.013312,0.013866,0.025305,-0.068865,0.018,0.0026767999999999,0.04597,0.000545,-0.04172,0.000591157471447,0.001105,0.069948,0.0178,0.0058219556016245,-0.0139236400041037,-0.0466150448768373,4.251128320298392e-05,0.0147,0.0147243465357835,0.01403279,-0.0725772688710359,0.0004,0.0162568560682999,-0.03437879630317453,0.019833646535189597
2020-02-29,-0.053318,0.0067259999999999,0.012497,0.020623,0.0433319999999999,-0.0506299999999999,-0.038934,-0.018032,0.017,-0.0026696999999999,0.020198,0.000474,-0.020307,0.0005895843840781,-0.0061839999999999,0.068651,0.039,-0.0770708995352739,-0.0413679519676536,-0.0527335012714653,-0.0155017889404514,0.039,0.0028796400449944,-0.07083665,-0.0499434990066436,-0.0215,0.0117909441714,-0.09308769797667882,-0.08007711867921652
2020-03-31,-0.1069389999999999,-0.022406,0.014184,0.0252179999999999,0.037343,-0.203511,-0.108986,-0.102563,0.015,-0.8972950000000001,-0.046117,0.000373,-0.129003,6.072971135506755e-05,0.003111,0.062369,0.0069999999999999,-0.0863944977705063,-0.0587227290569069,-0.1540214927378054,-0.1175903337003532,-0.0055,-0.0970209520391224,-0.2084953,-0.1411815808817107,-0.0762,0.0896917669612,-0.16255933510410414,-0.09839508537017294
2020-04-30,0.093023,0.019633,0.0298559999999999,0.055494,-0.0102,0.055526,0.039396,-0.029783,0.008,-0.0864198,0.055547,0.0001919999999999,0.075817,5.548306583014195e-05,0.002215,0.020175,0.0023,0.1120097020335104,0.0473266226362107,0.0915724287819619,0.0380045181337007,-0.002,0.031749186396045,0.09059139,-0.02371477378192,0.023,-0.0153174309532333,0.0721144450913005,0.07328968020037507
2020-05-31,0.070863,0.0043869999999999,0.000388,-0.003584,0.0223349999999999,0.024478,0.055303,0.065853,0.005,0.0195195,0.050137,0.000145,0.029587,5.65657317637136e-05,-0.000221,-0.019902,0.0247,0.0572339314623266,0.0553473078734849,0.0076823943613952,0.0457427500648193,0.0318,0.0344561893525319,0.01708468,0.0803467839168256,0.0249,-0.0448258592648333,0.030557517225583863,0.027976498684391338
2020-06-30,0.02131,0.008884,-0.005553,-0.0125479999999999,0.001072,0.021852,-0.013351,0.0177,0.006,-0.1119293,0.005429,0.000107,0.068645,5.023611750409884e-05,0.001105,0.001308,0.0095,0.0184756046332383,0.0172392938248235,0.0735090121281976,0.0097446261805123,0.0135,0.0224151575811182,0.02737123,0.0217052486691381,0.0111,-0.0179856429747666,0.007032262844019588,-0.002284864153378363
2020-07-31,-0.009754,0.031893,0.004121,0.004844,-0.056153,-0.0280419999999999,-0.0066269999999999,-0.001028,0.01,0.0,0.007148,4.7e-05,0.030305,5.023611750409884e-05,-0.0003309999999999,0.044219,-0.0286,0.046682631629348,-0.0131380586023941,0.0893605666296168,0.0477767195452245,-0.0542,0.0244735344336937,0.03772505,0.0575597699379563,0.026,-0.028580464066,-0.01919402210995369,0.03914473083402137
2020-08-31,0.044566,-0.0015249999999999,-0.030638,-0.0556109999999999,-0.01926,0.004382,-0.019474,0.045366,0.002,-0.0961857,-0.049302,2e-06,0.001049,4.5405325910463645e-05,-0.009721,-0.04475,-0.0212,0.0721459290852464,0.0318359902689855,0.0221055534874929,0.0098425616225312,-0.016,0.0081999999999999,0.003264472,0.059975278182985,0.0157,-0.0261400826651333,0.05501588691553816,0.024817181389051868
2020-09-30,0.000424,-0.003597,0.014753,0.027719,0.03497,0.004996,0.012367,0.0014449999999999,0.005,-0.066055,0.0177079999999999,8e-06,0.019784,4.240677442846064e-05,0.000446,0.003872,0.032,-0.0256601689541614,0.0113929364922513,-0.0160399148563578,-0.010421721060737,0.038,-0.0059291586766294,-0.025462,-0.0195730099916219,-0.0101,-0.0216405907066666,-0.031388604268622555,-0.015842602153450347
2020-10-31,-0.032997,0.000956,-0.005261,-0.0097,-0.0008799999999999,-0.035186,-0.003271,0.0116569999999999,0.0069999999999999,0.0746562,0.0075149999999999,9e-06,0.018312,4.55719092040674e-05,-0.00078,-0.03085,0.0008,-0.0370828259979637,-0.021503531605173,0.0206030362773002,0.0046759190170619,0.0008,0.0024611973392461,-0.03172267,-0.002243295637585,-0.005,0.0004790487245099,-0.0341874931190137,-0.031886713791055676
2020-11-30,0.093146,0.018182,-0.004528,-0.00679,-0.030296,0.0974,0.049252,0.003264,0.003,-0.0127970999999999,3.6e-05,8e-06,0.0589229999999999,4.498886634096699e-05,-0.003459,0.0127479999999999,-0.0139,0.1066911662761105,0.0634856510511279,0.0924871892681111,0.0400271610352316,-0.0283999999999999,0.0238216363274423,0.0972961899999999,0.0836723617462462,0.0288,-0.0763976776220333,0.16940297160531492,0.07035548493628685
2020-12-31,0.019641,0.013432,0.016241,0.028002,-0.020861,0.01375,-0.007185,0.026825,0.006,-0.2703704,0.00538,3e-06,0.051692,3.282740567267517e-05,0.002687,-0.011956,-0.0102,0.0372194886964389,0.0186188164888136,0.0735134763239822,0.0190699002978822,-0.021,0.0131135499481507,0.02756036,0.0514213464867712,0.0366,0.0357693298416666,0.04635316690860547,0.02111837293702057
2021-01-31,-0.013912,-0.008807,-0.0169649999999999,-0.030636,-0.00386,-0.011781,-0.0126709999999999,0.022139,0.0069999999999999,0.3426396,-0.033953,0.0,0.0257249999999999,4.407264857286819e-05,-0.002233,-0.037481,-0.0133,-0.0206928152057529,-0.005672723542859,0.0306586768782144,0.0038307016724283,-0.0016,-0.0033692291289049,-0.001622247,0.0283090808933701,-0.0026,-0.0114393524027866,0.012985903924340736,-0.019057842884285137
2021-02-28,0.008046,-0.017213,-0.056561,-0.0970149999999999,-0.0246839999999999,0.020753,-0.035993,0.046458,0.004,-0.0321361,-0.055777,0.0,-0.009595,4.265665749625392e-05,-0.014438,-0.056974,-0.0347,0.0123850586555407,0.0134500591982671,0.007648480797183,0.0034836719497925,-0.0189,-0.0049853435179836,0.03057108,0.0705716390484232,0.0231,-0.0468819487622999,0.06130136356390481,-0.0159977888954852
2021-03-31,0.0441289999999999,-0.019237,0.000137,6.2e-05,0.00774,0.040555,0.07425,-0.011188,0.0069999999999999,-0.0898438,0.018793,5e-06,-0.004476,3.882504164898215e-05,0.000681,-0.051597,-0.0062,0.0388165878136286,0.038488931168078,-0.0151037126746221,0.0017026633099244,0.0125,-0.0068811285050749,0.05434918,-0.0299653724864181,0.0069,-0.002275218439306,0.05748254444856049,0.050338829773969085
2021-04-30,0.04427,0.012633,0.005383,0.012044,0.002227,0.062571,0.030699,0.080557,0.015,0.0922747,0.011022,9e-06,0.02283,4.240677442846064e-05,-0.000227,0.02384,0.0091,0.0525527641173746,0.0345263687573838,0.0248983779634865,0.0109658260415219,-0.0013,0.0050017322016282,0.0788911,0.0813556334305812,0.0256,0.0425642424537,0.010524410938230977,0.030162428456314228
2021-05-31,-0.012444,0.009392,0.004307,0.006503,-0.0270259999999999,-0.008568,-0.031526,0.000728,0.021,0.0137525,0.029272,8e-06,-0.003653,4.298983385120359e-05,-0.001135,0.005235,-0.0168,0.0157297932561102,-0.0116593480984951,0.0231900227727765,0.0028850871741192,-0.023,0.0061833459011095,0.0078081049999999,0.0186698717562248,0.0104,0.027616447945,0.03295542624527226,0.0179836886859972
2021-06-30,0.044764,-0.008822,0.007227,0.013202,0.028748,0.038678,0.008541,0.0478139999999999,0.025,-0.0968992,-0.002504,5e-06,0.031661,3.882504164898215e-05,-0.000341,0.037716,0.0199,0.0368414073550213,0.0328802982909492,0.0017237696482106,0.0136663709424904,0.0287,0.0066378313562589,0.02740591,0.0122525198174184,-0.0072,-0.0406379944905333,-0.015312854698953604,0.010430345336005509
2021-07-31,0.010662,0.0133099999999999,0.0276949999999999,0.054888,-2.6e-05,0.031338,0.0048909999999999,0.011132,0.02,0.0858369,0.0696,5e-06,-0.073444,4.215689067410544e-05,0.000796,0.037632,0.0068,0.0355944715793741,0.0090304095791278,-0.0672992184808913,0.0035587646646202,-0.0034999999999999,-0.001446439207011,0.04011512,0.0185995660013752,0.0026,-0.0364427677415333,-0.005539544160225729,0.02710776179007901
2021-08-31,0.035844,-0.0041589999999999,-0.00817,-0.014961,0.0086,0.024382,0.024264,0.0077,0.032,-0.0079051,0.004088,4e-06,0.0374069999999999,4.182371126648654e-05,-0.008292,-0.002149,0.006,0.0328913697240662,0.0340528785566323,0.0261764870460521,0.0054570871594932,0.0103,0.0092663599182003,0.02142196,-0.0006061518300954,0.009,0.0114527808781,0.011211619144330776,0.01830835142359377
2021-09-30,-0.0208,-0.017769,-0.036961,-0.064885,0.016725,-0.036676,-0.019923,0.072446,0.031,-0.0458167,-0.048294,4e-06,-0.018569,3.990790597607763e-05,-0.005383,-0.029639,0.0026,-0.0639827305023741,-0.0106439911277753,-0.0397408772656879,0.0003316432284192,0.0189,-0.0125583064226768,-0.05729028,0.0200664904593669,-0.0005,0.0091644082732666,-0.013548957401517736,-0.04479564378845036
2021-10-31,0.0402569999999999,-0.002417,0.021518,0.055118,-0.018342,0.0435879999999999,0.00169,0.009935,0.042,0.0501044,0.051452,4e-06,-0.005661,4.190700623274424e-05,-0.005873,0.0234319999999999,-0.0187,0.0676455041290728,0.0160552495748107,0.0098629025715908,-0.001778803547406,-0.0189,-0.0096400478796169,0.06918495,0.03979216978557,0.0121999999999999,0.0627405832193333,0.006599630034947124,0.0310978921881766
2021-11-30,0.0082469999999999,-0.0029249999999999,0.029939,0.0528709999999999,0.035112,0.008319,-0.007372,-0.044524,0.051,-0.0954274,0.0664609999999999,4e-06,-0.011122,3.790876175968627e-05,0.005676,0.028498,0.0331,-0.0053396390260058,0.009175316742839,-0.0407532425385064,-0.0102447498850339,0.0354,-0.0048993158224159,-0.01275004,-0.0471967234218903,-0.0231,-0.116413544712,-0.03269264548546602,-0.01972937318665957
2021-12-31,0.021862,-0.001396,-0.026484,-0.049603,-0.0241489999999999,0.043129,0.038483,0.0145239999999999,0.054,3.189011,-0.0606839999999999,1e-06,-0.000668,0.0001586947479101,-0.003916,-0.016493,-0.0246,0.0388403798738725,0.0205736628816115,0.0187635140680295,0.0188108205776824,-0.0243999999999999,0.0030798594543008,0.0918154,0.0482199888964407,0.0184,0.0486757174143666,0.0700245970648603,0.05861862778378146
2022-01-31,-0.0460029999999999,-0.020494,-0.03845,-0.066195,-0.005396,-0.050356,-0.00041,0.095721,0.055,0.0435466999999999,-0.030897,4e-06,-0.011817,0.0001655990898907,-0.009019,-0.043004,-0.0111,-0.0800819170972994,-0.0343394392351532,-0.0189292184669207,-0.0274894064441755,0.0048,-0.0222928559072824,-0.0771221399999999,0.0682897666781711,-0.0065,0.0532846002614333,0.00012406501263795278,-0.05505779241505815
2022-02-28,-0.021943,-0.011886,-0.01374,-0.029317,-0.009867,-0.020926,0.006352,0.065946,0.062,1.2378079,-0.005247,0.000111,-0.026728,0.0003701621260345,-0.005368,-0.016176,-0.012,-0.0377160586682875,-0.0182206131554002,-0.0298901386170469,-0.0089814314278457,-0.0058,-0.0376407103523012,-0.039166,0.0648193049858218,0.0038,0.0377571743519,-0.01467834832748327,-0.01728980573144867
2022-03-31,0.047149,-0.030453,-0.02114,-0.032801,-0.0075439999999999,0.066195,0.056593,0.107308,0.07,0.5493148,-0.030139,0.000292,-0.00345,0.0005728582992119,-0.006922,-0.054866,-0.012,0.0346739992726237,0.0298613679661752,-0.0225853536356803,-0.0092468454258675,0.002,-0.0372745030449269,0.06863369,0.0833689038947653,0.0241,0.100252399345,0.0038643384962218086,0.04665525254971281
2022-04-30,-0.042177,-0.0547879999999999,-0.028271,-0.05012,0.013019,-0.012234,0.01028,0.087856,0.09,0.0015951,-0.071727,0.000478,-0.013344,0.0005737692048013,-0.0049619999999999,-0.094209,-0.0088,-0.0883570934320069,-0.0222829443602373,-0.0556270323766435,-0.036377385524666,0.0423,-0.0269257393836679,-0.04026577,0.0268601031365466,0.004,0.0506240953068666,-0.0583163733433143,-0.04813773930204146
2022-05-31,-0.0025729999999999,0.0027289999999999,-0.029706,-0.065369,0.00654,-0.045975,0.040074,0.01187,0.091,0.362386,-0.0897739999999999,0.000633,0.001272,0.0007808048153588,0.00095,-0.021987,-0.0011,-0.0100475956542436,0.0041449839957894,0.0044033654961785,0.002498812547756,-0.005,-0.0047099227278301,-0.0432284699999999,-0.0018432279223175,-0.0063,0.00272695524663,0.03812107879533966,-0.00669841111478342
2022-06-30,-0.0533929999999999,-0.032088,-0.018148,-0.033885,0.02181,-0.0523149999999999,-0.031519,-0.075285,0.094,0.2618491,-0.0521579999999999,0.000767,-0.03174,0.0009841553954932,-0.004389,-0.014175,0.0045,-0.0780872939137288,-0.0332606967547878,-0.0664502894449029,-0.0680619644034277,0.0323,-0.0323121287555764,-0.0727085,-0.0889046568864934,-0.0207,-0.0043156321021866,-0.09954826324633603,-0.04320382589856586
2022-07-31,0.080106,0.021259,0.026183,0.038827,0.028862,0.080648,0.028948,0.04331,0.1009999999999999,0.0029476,0.059221,0.000946,-0.001017,0.0009870406270895,0.0058379999999999,0.024886,0.0192,0.0852146618395457,0.0521266994264069,-0.002456830827938,0.0602269378131448,0.0046,0.0125057307320053,0.08743034,0.0150537584147985,0.0048,-0.052179369754,0.02991538798837201,0.036131482032544016
2022-08-31,0.003031,-0.0394609999999999,-0.076419,-0.120072,0.0109719999999999,-0.020649,0.014726,0.0477179999999999,0.099,0.4187589,-0.085357,0.0012929999999999,0.051529,0.0013972127170727,-0.030203,-0.044234,0.0045,-0.0582303602762187,0.0120305527042727,0.0041754948271481,-0.0239481840799478,0.0385999999999999,-0.0034965914522173,-0.0591722799999999,-0.0013772579623152,0.0044,0.0656673987268666,-0.037136453458660235,-0.029203671277156396
2022-09-30,-0.0526199999999999,-0.05138,-0.080418,-0.111403,-0.008483,-0.083946,-0.073094,-0.040216,0.1009999999999999,0.296224,-0.078315,0.001496,-0.077473,0.0018070155388281,-0.031143,-0.082295,-0.0112,-0.0905915659108302,-0.0369846723485207,-0.1172326402448258,-0.0402141717931191,0.0283999999999999,-0.0427121724642801,-0.1318642099999999,-0.05083011858429,-0.0074,0.0478944415112333,-0.09641594590309266,-0.0683145221814977
2022-10-31,0.040223,-0.0068769999999999,0.031231,0.024257,-0.044307,-0.00017,0.020678,-0.0101489999999999,0.111,-0.0028766,-0.055194,0.00159,-0.059465,0.0018018686259173,0.024329,-0.062249,-0.0371,0.0643045801118353,0.0328569065637658,-0.0310471530329429,0.0284643916913944,-0.0365,-0.0205157955804019,0.03864328,0.0273455163227704,0.0049,-0.0158907826506333,0.08185476728906904,0.058217678000469064
2022-11-30,0.026993,0.047061,0.028178,0.045714,0.004901,0.025327,0.021356,-0.01348,0.107,0.3404616,0.039816,0.002225,0.102784,0.0024072868555249,0.006276,0.072827,0.0123,0.0831942506236087,0.0181100888425225,0.1483163759689922,0.0187179468684406,-0.0255,0.0512330389834159,0.06021789,0.0340356494355204,0.0018,-0.0670324638916333,0.09250124123898495,0.06130027604207422
2022-12-31,-0.054735,0.005408,-0.040896,-0.083619,-0.013885,-0.038807,-0.02337,-0.036978,0.105,0.1711133,-0.060009,0.002731,-0.026118,0.0028129043266584,-0.004525,-0.01948,-0.0046,-0.0435463677206557,-0.0499502487562189,-0.0140551658667791,-0.0075337034099919,-0.0033,0.0138038773785438,-0.0509289,0.0045858101574684,-0.0003,0.0174940260245666,-0.01554217430125382,-0.01971964412411198
2023-01-31,0.0509499999999999,0.032829,0.0255759999999999,0.039069,0.008605,0.070011,0.014428,-0.023307,0.1009999999999999,-0.0003792,0.037954,0.002569,0.059073,0.0028118539488073,0.0079849999999999,0.069529,0.0092,0.0618992244441276,0.030687054880603,0.078961932448252,0.0390959420124421,-0.0088,0.029126458849088,0.10297195,0.0045909108358623,0.0176,-0.0609100141757666,0.07125707759744371,0.018844505266878864
2023-02-28,-0.0058099999999999,-0.0332439999999999,-0.032614,-0.059714,-0.009207,-0.025861,-0.025471,-0.02919,0.104,0.1459336,-0.057122,0.002868,-0.047351,0.0032150358113363,-0.0140159999999999,-0.0487929999999999,-0.0169,-0.025191142747444,-0.0005527410832231,-0.0648428695915811,-0.0129352960562451,0.0123,-0.017747121922482,-0.06038856,-0.040535367680517,-0.01,0.0269744482152333,-0.01674134066876798,-0.03541537526249161
2023-03-31,0.010195,0.031622,0.028554,0.052019,-0.002399,-0.050306,0.014558,-0.022102,0.1009999999999999,0.0638401,0.07056,0.003549,0.010065,0.0034164819917048,0.008282,0.047459,0.0101,0.0694132596250833,0.0176581116491991,0.0302876449490347,0.0112545560780166,-0.0106,0.0102459016393441,-0.0206682599999999,-0.0036597179177853,-0.0078,-0.0339373105079,0.004313395725321856,0.04090289537557834
2023-04-30,-0.000839,0.004413,-0.016582,-0.034545,-0.010986,0.001018,0.006582,-0.025431,0.087,0.000359,-0.046196,0.00324,-0.028988,0.0034176859560133,-0.003065,0.004201,-0.0118999999999999,0.0218232142706453,0.0050057057790584,-0.0113322184509732,0.0096504381560302,-0.0113,0.0070251818136843,0.0031958629999999,-0.0104908013572091,0.0025,0.0314712475192333,0.011576137735692438,0.027312150209693353
2023-05-31,0.005042,-0.019548,-0.034301,-0.065609,0.006834,-0.029611,-0.051697,-0.042041,0.087,0.0594851,-0.069655,0.003505,-0.001613,0.0036170037555205,-0.009592,-0.029125,-0.0056999999999999,0.0175876003421617,0.0192108107437492,-0.0167968147906454,-0.0094968831965117,0.0126,-0.0064848931466471,-0.04172915,-0.0508411216618736,-0.0025,0.0269406762291,-0.024597658865531558,-0.03907306085521267
2023-06-30,0.03304,-7.8e-05,-0.004099,0.016253,-0.0295129999999999,0.005101,0.005472,0.0134749999999999,0.079,0.1131036,0.0379899999999999,0.003918,0.012053,0.0040172085091947,-0.011547,0.001618,-0.0252,0.0562801570029434,0.0196509870925971,0.037968678741286,0.0162802374287265,-0.027,0.0059091133857489,0.05690169,0.0573394811276236,0.015,0.0181272461899666,0.06627473245300752,0.031148931455732276
2023-07-31,0.022178,0.006925,0.007628,-0.000896,-0.0123889999999999,0.026658,-0.007043,0.050829,0.068,0.0003652,-0.008095,0.003754,0.051142,0.0040186437842024,0.008165,-0.024591,-0.005,0.0319903439592741,0.0206558162248653,0.0622517491570504,0.0142394997225192,-0.0066,0.0074474622096594,0.0211127,0.0665629616237792,0.0128,-0.011147554136,0.040516409435274126,0.013491950104153938
2023-08-31,-0.0088539999999999,-0.01368,-0.004392,-0.019142,0.007691,-0.018083,-0.0230019999999999,0.007619,0.067,0.0516794,-0.01536,0.0041849999999999,-0.046836,0.004221587568495,0.00162,-0.031534,0.0015,-0.009246241582918,-0.0065604498594189,-0.0616005052127764,0.0028559608172853,0.0206,-0.0076607787645164,-0.03273234,-0.0092197493801097,0.0015,0.00947707153989,-0.02576943299788448,-0.014559916480023194
2023-09-30,-0.0073129999999999,-0.029213,-0.009455,-0.03763,0.00679,-0.024386,-0.00487,0.030237,0.067,0.0002893,-0.043299,0.0043619999999999,0.010804,0.00422278095766,0.007712,-0.078957,0.0079,-0.0496090759726317,-0.006603773584906,-0.0261514303592722,-0.0116308470290771,0.0375,-0.0102276638638935,-0.06894817,-0.0112474783247217,0.0032,-0.0050220936476133,-0.01568211784211948,-0.026731378113717064
2023-10-31,-0.02438,-0.011953,-0.0035859999999999,-0.013269,-0.013907,-0.042996,0.0083819999999999,0.007443,0.046,-0.0001157,-0.01749,0.004286,-0.034212,0.0042223036038659,0.0030859999999999,-0.0546739999999999,-0.0062,-0.0172392728949608,-0.0170940170940169,-0.0388539999676704,-0.0123803368744194,0.0069,-0.011475979929455,-0.03525388,-0.0067678444039519,-0.0015,-0.0012379099864766,-0.04776720421401082,-0.013748904919477223
2023-11-30,0.052845,0.050426,0.0292729999999999,0.055551,0.006681,0.065406,0.032591,-0.059085,0.039,0.0003856,0.041676,0.004324,0.039748,0.0042238947734727,0.005907,0.099946,0.0069,0.0912720091749286,0.0270531400966183,0.0800294318599885,0.0454864590362842,-0.0287,0.0376168459141623,0.11915393,-0.0117909111809882,0.0144999999999999,0.0137103674898666,0.0804252925895177,0.054907716621890534
2023-12-31,0.03734,0.041561,0.0541329999999999,0.09815,0.034735,0.084178,0.012974,-0.037799,0.04,-0.0002313,0.07848,0.004607,0.027825,0.0042229400750366,0.018351,0.090473,0.0343,0.0494585936515259,0.0310442144872999,0.039093476699439,0.0368766951804715,0.0070999999999999,0.032087763059114,0.08882923,-0.0232120769322296,0.0067,-0.0625876537082,0.05262443607158773,0.02687087916370845
2024-01-31,0.015581,-0.013798,-0.022033,-0.048954,-0.0027489999999999,-0.036497,0.001797,0.0075309999999999,0.04,0.0002314,-0.0570899999999999,0.00431,-0.0429929999999999,0.0042238947734727,-0.004805,-0.027194,-0.0128,0.028701130564072,0.0155109489051095,-0.0464326457822478,0.0001823532370843,0.0081,0.0025341405040124,-0.04832204,0.0266859206521682,0.0139999999999999,0.023979831193,0.005040035935497622,0.022214258510092844
2024-02-29,0.050659,-0.012567,-0.01109,-0.012904,-0.008932,0.002464,-0.000805,-0.006901,0.034,7.71e-05,0.005556,0.004138,0.056075,0.0042242130040661,-0.008209,-0.0217419999999999,-0.0059,0.05808295538357,0.041329739442947,0.0475719000471475,0.002961128120658,0.0064,0.0009361980995179,0.0178216299999999,0.0013916715598403,0.0203,0.0579714124822333,0.012632090723775136,0.009552182758838068
2024-03-31,0.031971,0.0055049999999999,0.017271,0.027334,0.0117419999999999,0.0360959999999999,0.044058,0.032509,0.032,0.0005011,0.027646,0.0045379999999999,0.025209,0.0042262814758848,0.00779,0.0105929999999999,0.0069,0.0262065938714979,0.0284728213977567,0.0247798430772463,0.0119161046059723,0.0068,0.0114577000420894,0.01919086,0.0385672984244316,0.0172,0.0368546842361333,0.05160277082821163,0.025267675131240397
2024-04-30,-0.028445,-0.025237,-0.0290479999999999,-0.056896,-0.020514,-0.050705,-0.006835,0.036599,0.023,0.0016759,-0.046509,0.004081,0.0136359999999999,0.0042332025600513,-0.007367,-0.06605,-0.0166,-0.0381629876456145,-0.0310402684563759,0.0044741705857593,-0.0100041503286192,0.0065,-0.0119752173108933,-0.0780460299999999,0.0214945031275459,0.0014,0.0176044586123333,-0.03851684221412022,-0.03488879637912867
2024-05-31,0.026352,0.013106,0.008209,0.012237,0.002676,0.016639,0.0426579999999999,-0.00027,0.02,3.85e-05,0.015382,0.004635,-0.0116999999999999,0.0042333616592649,0.001217,0.029296,-0.0036,0.0612708520756366,0.0216450216450216,0.0056475046227557,0.0113504110926176,-0.0086,0.016074687631616,0.05163647,0.0151602827216975,0.0068,0.0068186686349733,0.03729709350190036,0.023260031339360276
2024-06-30,0.02745,0.0014349999999999,0.012479,0.018464,0.018763,0.012145,-0.012537,-0.008526,0.02,0.0,0.001688,0.003914,0.0472869999999999,0.0042333616592649,0.006684,0.0177669999999999,0.0086,0.0362935299156679,0.0237288135593221,0.0394445803103176,0.0096515541476935,0.0138,0.0097179044329303,0.0217179199999999,-0.0246130434828125,0.006,-0.0143894944113666,-0.022998693400209547,0.0054082424844266175
2024-07-31,0.002164,0.027614,0.017487,0.025452,0.009565,0.0447,0.040765,-0.054938,0.022,0.0,0.021099,0.004321,-0.011535,0.0042333616592649,0.007122,0.0359089999999999,0.0113,-0.0037465136555761,0.0066225165562914,0.0029749611791094,0.0196210598558752,-0.0044,0.0165347686272721,0.0711981699999999,-0.0412260259311859,0.0046,-0.0253806405193333,0.04352423275548656,0.048387378781775015
2024-08-31,0.0043669999999999,0.02366,0.005243,0.008027,-0.007232,0.04031,0.029268,-0.021019,0.022,-0.0480769,-0.002456,0.004337,-0.005397,0.0040342708735832,-0.00012,0.022577,0.0004,0.0376223918927765,0.0008223684210526,0.01614607225767,0.0159080255297667,-0.0144999999999999,0.0166247868617068,0.0537030899999999,0.0056739590277974,-0.0026,-0.0297583620281333,0.00750390992062222,0.0501333858844446
2024-09-30,-0.003189,0.017019,0.000336,-0.0070009999999999,-0.008553,0.009718,0.017808,0.026473,0.017,0.0,-0.005116,0.003896,0.044641,0.0040342708735832,0.004435,0.019149,-0.0034999999999999,0.0047298557183421,0.0,0.0667746260183177,0.0163451470353346,-0.0121,0.0145432877982036,0.02991011,0.0405358124772925,0.0174,0.0097422889778066,0.011217940112995484,0.0018618400891816655
2024-10-31,0.021473,-0.033519,-0.024842,-0.0444259999999999,0.01472,-0.0101669999999999,0.027519,0.022833,0.023,0.0,-0.024474,0.004138,-0.002886,0.0040342708735832,-0.007519,-0.05415,0.0084,-0.0300428526740356,0.0213640098603122,-0.0444731556480298,-0.0055062745919769,0.0395999999999999,-0.0111589663273298,-0.03722041,-0.0159820113272606,-0.0093,-0.0437891814240333,-0.031493161348423504,-0.023178879718213308
2024-11-30,0.057066,0.0034089999999999,0.016176,0.025364,0.024623,0.035243,0.041999,0.014799,0.026,-0.0505051,0.000733,0.004032,-0.025515,0.0038347448817659,0.004449,0.018744,0.0149,0.0295755993166821,0.0514883346741752,-0.0359306349848094,0.0114539559166091,0.0175,0.0068193317054929,0.03455634,0.0159626534183658,0.0173,0.023346892727,0.014105055165804403,0.03585016512755157
2024-12-31,-0.010112,-0.021453,-0.022096,-0.052336,-0.000911,-0.054036,-0.048086,0.026735,0.025,6.38e-05,-0.052179,0.003985,0.015497,0.0038349845745611,-0.000479,-0.059924,-0.0069,-0.0302310151931709,-0.0076511094108641,-0.0013729499282202,-0.004287822237653,0.0173,-0.0080622255238261,-0.07864121,0.0147158087806212,-0.0004,0.00408467791131,-0.027486331441657796,-0.048790449824201776
2025-01-31,0.040692,0.005691,0.008035,0.009346,0.01316,0.023105,0.0323979999999999,0.044964,0.03,0.0007234,0.01241,0.004081,0.0233659999999999,0.0038377010489087,0.003713,0.0029249999999999,0.0137,0.0390155874723614,0.0424055512721661,0.0178711451403241,0.0138080128316886,0.0131,0.0071145374449339,0.01165606,0.026327111983554,0.0225,0.0291919436609333,0.04186582256807436,0.03694813956837839
2025-02-28,-0.017922,0.0143,0.00765,0.010889,0.011165,0.011675,0.028782,-0.003097,0.0279999999999999,-0.0528308,-0.006851,0.0034389999999999,-0.005839,0.00363894539004,0.001193,0.056056,0.0009,,,,,-0.0052,,,,0.0,,,
2025-03-31,-0.067987,0.006161,-0.010114,-0.028666,-0.024465,-0.045526,0.002436,0.013765,0.026,4.49e-05,-0.027677,0.003516,-0.0180509999999999,0.0036391055285593,0.0021449999999999,-0.01246,,,,,,,,,,,,,
2025-04-30,-0.0243719999999999,0.029387,0.017002,0.017999,-0.030503,-0.023315,-0.013912,-0.079469,0.035,0.0008529,8.5e-05,0.003609,-0.019945,0.0036421481070281,0.009515,-0.013588,,,,,,,,,,,,,
2025-05-31,0.0502219999999999,-0.003552,-0.011947,-0.024944,-0.018059,0.01737,0.012309,-0.014185,0.034,-0.0556378,-0.025065,0.003739,0.034245,0.0034432865020073,-0.005302,-0.031567,,,,,,,,,,,,,
2025-06-30,0.023909,0.01895,0.0145049999999999,0.0210869999999999,0.001114,-0.008128,-0.005619,0.005195,0.036,0.0014248,0.030488,0.0033339999999999,0.0417849999999999,0.0034481008490769,0.007343,0.0267209999999999,,,,,,,,,,,,,
2025-07-31,0.050483,-0.014895,-0.002996,-0.011529,0.0315919999999999,0.025425,0.040377,0.032423,0.038,-2.37e-05,-0.007274,0.003542,0.058032,0.0034480206120413,-0.001058,-0.0108149999999999,,,,,,,,,,,,,
2025-08-31,0.004436,0.014536,-0.009431,-0.027105,-0.004916,0.0221479999999999,0.006376,-0.002241,0.038,-0.0594024,-0.032224,0.003426,-0.006748,0.0032468049798681,-0.003649,-0.0003109999999999,,,,,,,,,,,,,
2025-09-30,0.035904,0.006532,0.006305,0.014999,0.015199,0.014069,0.020496,0.025224,0.038,0.0001513,0.0185959999999999,0.00327,0.075732,0.0032472874642026,0.002126,0.035982,,,,,,,,,,,,,
2025-10-31,0.045425,-0.002539,0.027366,0.0546689999999999,0.033195,0.009556,0.0267919999999999,0.054564,0.036,0.0004537,0.043925,0.0035859999999999,0.067829,0.0032487349018919,0.006484,0.013982,,,,,,,,,,,,,
2025-11-30,-0.00513,0.002323,0.001229,8.9e-05,-0.002187,0.012466,0.003535,0.023837,0.032,0.0001008,-0.0110759999999999,0.003025,-0.0315499999999999,0.0032490565515923,-0.000468,0.00267,,,,,,,,,,,,,
2025-12-31,-0.008029,0.002611,0.002303,0.002599,-0.012836,-0.026054,-0.03445,-0.019143,0.034,-0.061371,0.006842,0.003395,0.0139009999999999,0.0030529615588696,0.002695,-0.0211689999999999,,,,,,,,,,,,,
2026-01-31,0.0032129999999999,0.009361,-0.001026,-0.008729,-0.015858,0.018646,0.023277,0.082955,0.03,-8.05e-05,0.00851,0.0032,0.068206,0.003052719802417,-0.0003509999999999,-0.005217,,,,,,,,,,,,,
2026-02-28,0.02596,0.011181,0.0234799999999999,0.043662,0.037357,0.090417,0.1115029999999999,0.0296899999999999,0.03,0.000349,0.043105,0.002847,0.074553,0.0030537674090826,0.004092,0.045656,,,,,,,,,,,,,
2026-03-31,-0.046409,-0.030741,-0.0400699999999999,-0.0727609999999999,0.003083,-0.071709,-0.01241,0.135634,0.033,0.0007782,-0.042258,0.003037,-0.114243,0.003056104334429,-0.0147859999999999,-0.041531,,,,,,,,,,,,,
2026-04-30,0.0667,0.012459,-0.004694,-0.0183,-0.0288019999999999,0.056688,-0.009854,0.014273,0.0279999999999999,8.04e-05,-0.01926,0.003044,0.116707,0.0030563460819086,0.0015359999999999,-0.008404,,,,,,,,,,,,,
2026-05-31,0.054139,0.00336,0.0184539999999999,0.033623,0.010965,0.0004089999999999,-0.017403,-0.027677,0.0279999999999999,8.04e-05,0.0133949999999999,0.0031609999999999,0.106135,0.0030565878287474,0.0024779999999999,0.0054059999999999,,,,,,,,,,,,,
2026-06-30,0.009008,-0.0070599999999999,0.006149,0.008043,0.017761,0.0267059999999999,-0.006239,-0.070441,,0.0004288999999999,-0.008436,0.0030759999999999,0.002374,0.0030578771343969,0.0041199999999999,0.011869,,,,,,,,,,,,,
